TestID, DatabaseType, EventType, TimeTaken, Success, ErrorMessage, 
6f400feb-03ae-49b9-9e00-510e20347a06, MariaDB, CREATE, 1584964, true, No Error, 
6f400feb-03ae-49b9-9e00-510e20347a06, MariaDB, READ, 476676, true, No Error, 
6f400feb-03ae-49b9-9e00-510e20347a06, MariaDB, READ, 414445, true, No Error, 
6f400feb-03ae-49b9-9e00-510e20347a06, MariaDB, UPDATE_STATUS, 863855, true, No Error, 
6f400feb-03ae-49b9-9e00-510e20347a06, MariaDB, DELETE, 970995, true, No Error, 
6f400feb-03ae-49b9-9e00-510e20347a06, MariaDB, DELETE, 772433, true, No Error, 
6f400feb-03ae-49b9-9e00-510e20347a06, MariaDB, DELETE, 835306, true, No Error, 
6f400feb-03ae-49b9-9e00-510e20347a06, MariaDB, READ, 422465, true, No Error, 
6f400feb-03ae-49b9-9e00-510e20347a06, MariaDB, DELETE, 865139, true, No Error, 
6f400feb-03ae-49b9-9e00-510e20347a06, MariaDB, READ, 365687, true, No Error, 
6f400feb-03ae-49b9-9e00-510e20347a06, MariaDB, READ, 297681, true, No Error, 
6f400feb-03ae-49b9-9e00-510e20347a06, MariaDB, READ, 313080, true, No Error, 
6f400feb-03ae-49b9-9e00-510e20347a06, MariaDB, UPDATE_STATUS, 531850, true, No Error, 
6f400feb-03ae-49b9-9e00-510e20347a06, MariaDB, UPDATE_STATUS, 446844, true, No Error, 
6f400feb-03ae-49b9-9e00-510e20347a06, MariaDB, UPDATE_STATUS, 480846, true, No Error, 
6f400feb-03ae-49b9-9e00-510e20347a06, MariaDB, CREATE, 1333474, true, No Error, 
6f400feb-03ae-49b9-9e00-510e20347a06, MariaDB, DELETE, 739072, true, No Error, 
6f400feb-03ae-49b9-9e00-510e20347a06, MariaDB, DELETE, 1014300, true, No Error, 
6f400feb-03ae-49b9-9e00-510e20347a06, MariaDB, CREATE, 1155122, true, No Error, 
6f400feb-03ae-49b9-9e00-510e20347a06, MariaDB, CREATE, 915501, true, No Error, 
6f400feb-03ae-49b9-9e00-510e20347a06, MariaDB, UPDATE_STATUS, 464487, true, No Error, 
6f400feb-03ae-49b9-9e00-510e20347a06, MariaDB, READ, 406426, true, No Error, 
6f400feb-03ae-49b9-9e00-510e20347a06, MariaDB, DELETE, 1287282, true, No Error, 
6f400feb-03ae-49b9-9e00-510e20347a06, MariaDB, UPDATE_STATUS, 533775, true, No Error, 
6f400feb-03ae-49b9-9e00-510e20347a06, MariaDB, DELETE, 827286, true, No Error, 
6f400feb-03ae-49b9-9e00-510e20347a06, MariaDB, DELETE, 3437136, true, No Error, 
6f400feb-03ae-49b9-9e00-510e20347a06, MariaDB, UPDATE_STATUS, 438825, true, No Error, 
6f400feb-03ae-49b9-9e00-510e20347a06, MariaDB, READ, 417653, true, No Error, 
6f400feb-03ae-49b9-9e00-510e20347a06, MariaDB, CREATE, 855194, true, No Error, 
6f400feb-03ae-49b9-9e00-510e20347a06, MariaDB, DELETE, 1246543, true, No Error, 
6f400feb-03ae-49b9-9e00-510e20347a06, MariaDB, DELETE, 4282707, true, No Error, 
6f400feb-03ae-49b9-9e00-510e20347a06, MariaDB, UPDATE_STATUS, 602742, true, No Error, 
6f400feb-03ae-49b9-9e00-510e20347a06, MariaDB, READ, 557833, true, No Error, 
6f400feb-03ae-49b9-9e00-510e20347a06, MariaDB, READ, 552700, true, No Error, 
6f400feb-03ae-49b9-9e00-510e20347a06, MariaDB, CREATE, 1343418, true, No Error, 
6f400feb-03ae-49b9-9e00-510e20347a06, MariaDB, DELETE, 1021036, true, No Error, 
6f400feb-03ae-49b9-9e00-510e20347a06, MariaDB, CREATE, 908122, true, No Error, 
6f400feb-03ae-49b9-9e00-510e20347a06, MariaDB, UPDATE_STATUS, 824720, true, No Error, 
6f400feb-03ae-49b9-9e00-510e20347a06, MariaDB, UPDATE_STATUS, 605308, true, No Error, 
6f400feb-03ae-49b9-9e00-510e20347a06, MariaDB, UPDATE_STATUS, 759602, true, No Error, 
6f400feb-03ae-49b9-9e00-510e20347a06, MariaDB, READ, 886310, true, No Error, 
6f400feb-03ae-49b9-9e00-510e20347a06, MariaDB, UPDATE_STATUS, 555909, true, No Error, 
6f400feb-03ae-49b9-9e00-510e20347a06, MariaDB, CREATE, 959767, true, No Error, 
6f400feb-03ae-49b9-9e00-510e20347a06, MariaDB, READ, 761206, true, No Error, 
6f400feb-03ae-49b9-9e00-510e20347a06, MariaDB, CREATE, 2889247, true, No Error, 
6f400feb-03ae-49b9-9e00-510e20347a06, MariaDB, DELETE, 1371005, true, No Error, 
6f400feb-03ae-49b9-9e00-510e20347a06, MariaDB, DELETE, 1179501, true, No Error, 
6f400feb-03ae-49b9-9e00-510e20347a06, MariaDB, CREATE, 2608246, true, No Error, 
6f400feb-03ae-49b9-9e00-510e20347a06, MariaDB, DELETE, 9342338, true, No Error, 
6f400feb-03ae-49b9-9e00-510e20347a06, MariaDB, CREATE, 2242559, true, No Error, 
6f400feb-03ae-49b9-9e00-510e20347a06, MariaDB, CREATE, 1505091, true, No Error, 
6f400feb-03ae-49b9-9e00-510e20347a06, MariaDB, DELETE, 1670933, true, No Error, 
6f400feb-03ae-49b9-9e00-510e20347a06, MariaDB, READ, 400331, true, No Error, 
6f400feb-03ae-49b9-9e00-510e20347a06, MariaDB, DELETE, 1096419, true, No Error, 
6f400feb-03ae-49b9-9e00-510e20347a06, MariaDB, READ, 872195, true, No Error, 
6f400feb-03ae-49b9-9e00-510e20347a06, MariaDB, DELETE, 2176479, true, No Error, 
6f400feb-03ae-49b9-9e00-510e20347a06, MariaDB, READ, 1628590, true, No Error, 
6f400feb-03ae-49b9-9e00-510e20347a06, MariaDB, DELETE, 2888285, true, No Error, 
6f400feb-03ae-49b9-9e00-510e20347a06, MariaDB, DELETE, 3004727, true, No Error, 
6f400feb-03ae-49b9-9e00-510e20347a06, MariaDB, READ, 418936, true, No Error, 
6f400feb-03ae-49b9-9e00-510e20347a06, MariaDB, CREATE, 1037075, true, No Error, 
6f400feb-03ae-49b9-9e00-510e20347a06, MariaDB, READ, 439466, true, No Error, 
6f400feb-03ae-49b9-9e00-510e20347a06, MariaDB, READ, 363441, true, No Error, 
6f400feb-03ae-49b9-9e00-510e20347a06, MariaDB, CREATE, 897216, true, No Error, 
6f400feb-03ae-49b9-9e00-510e20347a06, MariaDB, CREATE, 1716804, true, No Error, 
6f400feb-03ae-49b9-9e00-510e20347a06, MariaDB, DELETE, 2575206, true, No Error, 
6f400feb-03ae-49b9-9e00-510e20347a06, MariaDB, DELETE, 750299, true, No Error, 
6f400feb-03ae-49b9-9e00-510e20347a06, MariaDB, DELETE, 1127534, true, No Error, 
6f400feb-03ae-49b9-9e00-510e20347a06, MariaDB, DELETE, 824399, true, No Error, 
6f400feb-03ae-49b9-9e00-510e20347a06, MariaDB, UPDATE_STATUS, 401293, true, No Error, 
6f400feb-03ae-49b9-9e00-510e20347a06, MariaDB, CREATE, 4039237, true, No Error, 
6f400feb-03ae-49b9-9e00-510e20347a06, MariaDB, READ, 642518, true, No Error, 
6f400feb-03ae-49b9-9e00-510e20347a06, MariaDB, READ, 502980, true, No Error, 
6f400feb-03ae-49b9-9e00-510e20347a06, MariaDB, CREATE, 2145043, true, No Error, 
6f400feb-03ae-49b9-9e00-510e20347a06, MariaDB, UPDATE_STATUS, 1239166, true, No Error, 
6f400feb-03ae-49b9-9e00-510e20347a06, MariaDB, UPDATE_STATUS, 1152876, true, No Error, 
6f400feb-03ae-49b9-9e00-510e20347a06, MariaDB, CREATE, 1169556, true, No Error, 
6f400feb-03ae-49b9-9e00-510e20347a06, MariaDB, DELETE, 8417535, true, No Error, 
6f400feb-03ae-49b9-9e00-510e20347a06, MariaDB, DELETE, 1988503, true, No Error, 
6f400feb-03ae-49b9-9e00-510e20347a06, MariaDB, DELETE, 7413500, true, No Error, 
6f400feb-03ae-49b9-9e00-510e20347a06, MariaDB, DELETE, 1944235, true, No Error, 
6f400feb-03ae-49b9-9e00-510e20347a06, MariaDB, UPDATE_STATUS, 739714, true, No Error, 
6f400feb-03ae-49b9-9e00-510e20347a06, MariaDB, READ, 431125, true, No Error, 
6f400feb-03ae-49b9-9e00-510e20347a06, MariaDB, CREATE, 1616080, true, No Error, 
6f400feb-03ae-49b9-9e00-510e20347a06, MariaDB, READ, 336817, true, No Error, 
6f400feb-03ae-49b9-9e00-510e20347a06, MariaDB, DELETE, 885668, true, No Error, 
6f400feb-03ae-49b9-9e00-510e20347a06, MariaDB, DELETE, 1001789, true, No Error, 
6f400feb-03ae-49b9-9e00-510e20347a06, MariaDB, DELETE, 1627307, true, No Error, 
6f400feb-03ae-49b9-9e00-510e20347a06, MariaDB, DELETE, 783339, true, No Error, 
6f400feb-03ae-49b9-9e00-510e20347a06, MariaDB, READ, 363441, true, No Error, 
6f400feb-03ae-49b9-9e00-510e20347a06, MariaDB, DELETE, 2432780, true, No Error, 
6f400feb-03ae-49b9-9e00-510e20347a06, MariaDB, READ, 312117, true, No Error, 
6f400feb-03ae-49b9-9e00-510e20347a06, MariaDB, UPDATE_STATUS, 406105, true, No Error, 
6f400feb-03ae-49b9-9e00-510e20347a06, MariaDB, UPDATE_STATUS, 463845, true, No Error, 
6f400feb-03ae-49b9-9e00-510e20347a06, MariaDB, UPDATE_STATUS, 312438, true, No Error, 
6f400feb-03ae-49b9-9e00-510e20347a06, MariaDB, UPDATE_STATUS, 413483, true, No Error, 
6f400feb-03ae-49b9-9e00-510e20347a06, MariaDB, READ, 334892, true, No Error, 
6f400feb-03ae-49b9-9e00-510e20347a06, MariaDB, CREATE, 1152876, true, No Error, 
6f400feb-03ae-49b9-9e00-510e20347a06, MariaDB, READ, 337458, true, No Error, 
6f400feb-03ae-49b9-9e00-510e20347a06, MariaDB, CREATE, 910047, true, No Error, 
6f400feb-03ae-49b9-9e00-510e20347a06, MariaDB, UPDATE_STATUS, 544360, true, No Error, 
6f400feb-03ae-49b9-9e00-510e20347a06, MariaDB, CREATE, 914858, true, No Error, 
6f400feb-03ae-49b9-9e00-510e20347a06, MariaDB, DELETE, 2371511, true, No Error, 
6f400feb-03ae-49b9-9e00-510e20347a06, MariaDB, CREATE, 831777, true, No Error, 
6f400feb-03ae-49b9-9e00-510e20347a06, MariaDB, READ, 366328, true, No Error, 
6f400feb-03ae-49b9-9e00-510e20347a06, MariaDB, UPDATE_STATUS, 383651, true, No Error, 
6f400feb-03ae-49b9-9e00-510e20347a06, MariaDB, DELETE, 803228, true, No Error, 
6f400feb-03ae-49b9-9e00-510e20347a06, MariaDB, CREATE, 2038544, true, No Error, 
6f400feb-03ae-49b9-9e00-510e20347a06, MariaDB, UPDATE_STATUS, 995054, true, No Error, 
6f400feb-03ae-49b9-9e00-510e20347a06, MariaDB, DELETE, 1135233, true, No Error, 
6f400feb-03ae-49b9-9e00-510e20347a06, MariaDB, READ, 454221, true, No Error, 
6f400feb-03ae-49b9-9e00-510e20347a06, MariaDB, DELETE, 928331, true, No Error, 
6f400feb-03ae-49b9-9e00-510e20347a06, MariaDB, DELETE, 2465500, true, No Error, 
6f400feb-03ae-49b9-9e00-510e20347a06, MariaDB, UPDATE_STATUS, 390708, true, No Error, 
6f400feb-03ae-49b9-9e00-510e20347a06, MariaDB, READ, 315966, true, No Error, 
6f400feb-03ae-49b9-9e00-510e20347a06, MariaDB, DELETE, 4691698, true, No Error, 
6f400feb-03ae-49b9-9e00-510e20347a06, MariaDB, READ, 737469, true, No Error, 
6f400feb-03ae-49b9-9e00-510e20347a06, MariaDB, CREATE, 1518242, true, No Error, 
6f400feb-03ae-49b9-9e00-510e20347a06, MariaDB, UPDATE_STATUS, 534096, true, No Error, 
6f400feb-03ae-49b9-9e00-510e20347a06, MariaDB, CREATE, 1656176, true, No Error, 
6f400feb-03ae-49b9-9e00-510e20347a06, MariaDB, CREATE, 987997, true, No Error, 
6f400feb-03ae-49b9-9e00-510e20347a06, MariaDB, CREATE, 1747919, true, No Error, 
6f400feb-03ae-49b9-9e00-510e20347a06, MariaDB, DELETE, 922557, true, No Error, 
6f400feb-03ae-49b9-9e00-510e20347a06, MariaDB, READ, 481167, true, No Error, 
6f400feb-03ae-49b9-9e00-510e20347a06, MariaDB, CREATE, 1090325, true, No Error, 
6f400feb-03ae-49b9-9e00-510e20347a06, MariaDB, UPDATE_STATUS, 367291, true, No Error, 
6f400feb-03ae-49b9-9e00-510e20347a06, MariaDB, UPDATE_STATUS, 383972, true, No Error, 
6f400feb-03ae-49b9-9e00-510e20347a06, MariaDB, READ, 337138, true, No Error, 
6f400feb-03ae-49b9-9e00-510e20347a06, MariaDB, DELETE, 1410782, true, No Error, 
6f400feb-03ae-49b9-9e00-510e20347a06, MariaDB, CREATE, 1039641, true, No Error, 
6f400feb-03ae-49b9-9e00-510e20347a06, MariaDB, UPDATE_STATUS, 395198, true, No Error, 
6f400feb-03ae-49b9-9e00-510e20347a06, MariaDB, DELETE, 837872, true, No Error, 
6f400feb-03ae-49b9-9e00-510e20347a06, MariaDB, DELETE, 2388513, true, No Error, 
6f400feb-03ae-49b9-9e00-510e20347a06, MariaDB, READ, 732016, true, No Error, 
6f400feb-03ae-49b9-9e00-510e20347a06, MariaDB, UPDATE_STATUS, 896574, true, No Error, 
6f400feb-03ae-49b9-9e00-510e20347a06, MariaDB, CREATE, 2244163, true, No Error, 
6f400feb-03ae-49b9-9e00-510e20347a06, MariaDB, READ, 637065, true, No Error, 
6f400feb-03ae-49b9-9e00-510e20347a06, MariaDB, DELETE, 4759383, true, No Error, 
6f400feb-03ae-49b9-9e00-510e20347a06, MariaDB, READ, 323344, true, No Error, 
6f400feb-03ae-49b9-9e00-510e20347a06, MariaDB, CREATE, 1710067, true, No Error, 
6f400feb-03ae-49b9-9e00-510e20347a06, MariaDB, READ, 1169557, true, No Error, 
6f400feb-03ae-49b9-9e00-510e20347a06, MariaDB, DELETE, 1345985, true, No Error, 
6f400feb-03ae-49b9-9e00-510e20347a06, MariaDB, UPDATE_STATUS, 573551, true, No Error, 
6f400feb-03ae-49b9-9e00-510e20347a06, MariaDB, CREATE, 1111175, true, No Error, 
6f400feb-03ae-49b9-9e00-510e20347a06, MariaDB, UPDATE_STATUS, 827928, true, No Error, 
6f400feb-03ae-49b9-9e00-510e20347a06, MariaDB, CREATE, 1836133, true, No Error, 
6f400feb-03ae-49b9-9e00-510e20347a06, MariaDB, CREATE, 1965086, true, No Error, 
6f400feb-03ae-49b9-9e00-510e20347a06, MariaDB, READ, 500734, true, No Error, 
6f400feb-03ae-49b9-9e00-510e20347a06, MariaDB, CREATE, 1590417, true, No Error, 
6f400feb-03ae-49b9-9e00-510e20347a06, MariaDB, DELETE, 1121440, true, No Error, 
6f400feb-03ae-49b9-9e00-510e20347a06, MariaDB, DELETE, 5113201, true, No Error, 
6f400feb-03ae-49b9-9e00-510e20347a06, MariaDB, UPDATE_STATUS, 424389, true, No Error, 
6f400feb-03ae-49b9-9e00-510e20347a06, MariaDB, DELETE, 785264, true, No Error, 
6f400feb-03ae-49b9-9e00-510e20347a06, MariaDB, READ, 817984, true, No Error, 
6f400feb-03ae-49b9-9e00-510e20347a06, MariaDB, UPDATE_STATUS, 668181, true, No Error, 
6f400feb-03ae-49b9-9e00-510e20347a06, MariaDB, READ, 391028, true, No Error, 
6f400feb-03ae-49b9-9e00-510e20347a06, MariaDB, UPDATE_STATUS, 423427, true, No Error, 
6f400feb-03ae-49b9-9e00-510e20347a06, MariaDB, CREATE, 640594, true, No Error, 
6f400feb-03ae-49b9-9e00-510e20347a06, MariaDB, DELETE, 4085749, true, No Error, 
6f400feb-03ae-49b9-9e00-510e20347a06, MariaDB, READ, 397765, true, No Error, 
6f400feb-03ae-49b9-9e00-510e20347a06, MariaDB, DELETE, 2951478, true, No Error, 
6f400feb-03ae-49b9-9e00-510e20347a06, MariaDB, READ, 355101, true, No Error, 
6f400feb-03ae-49b9-9e00-510e20347a06, MariaDB, DELETE, 1915045, true, No Error, 
6f400feb-03ae-49b9-9e00-510e20347a06, MariaDB, UPDATE_STATUS, 586703, true, No Error, 
6f400feb-03ae-49b9-9e00-510e20347a06, MariaDB, CREATE, 1481673, true, No Error, 
6f400feb-03ae-49b9-9e00-510e20347a06, MariaDB, UPDATE_STATUS, 622310, true, No Error, 
6f400feb-03ae-49b9-9e00-510e20347a06, MariaDB, UPDATE_STATUS, 519981, true, No Error, 
6f400feb-03ae-49b9-9e00-510e20347a06, MariaDB, UPDATE_STATUS, 681012, true, No Error, 
6f400feb-03ae-49b9-9e00-510e20347a06, MariaDB, CREATE, 1923384, true, No Error, 
6f400feb-03ae-49b9-9e00-510e20347a06, MariaDB, CREATE, 724316, true, No Error, 
6f400feb-03ae-49b9-9e00-510e20347a06, MariaDB, UPDATE_STATUS, 516132, true, No Error, 
6f400feb-03ae-49b9-9e00-510e20347a06, MariaDB, UPDATE_STATUS, 936992, true, No Error, 
6f400feb-03ae-49b9-9e00-510e20347a06, MariaDB, READ, 607233, true, No Error, 
6f400feb-03ae-49b9-9e00-510e20347a06, MariaDB, DELETE, 1711992, true, No Error, 
6f400feb-03ae-49b9-9e00-510e20347a06, MariaDB, UPDATE_STATUS, 572267, true, No Error, 
6f400feb-03ae-49b9-9e00-510e20347a06, MariaDB, UPDATE_STATUS, 463524, true, No Error, 
6f400feb-03ae-49b9-9e00-510e20347a06, MariaDB, CREATE, 919349, true, No Error, 
6f400feb-03ae-49b9-9e00-510e20347a06, MariaDB, CREATE, 1030981, true, No Error, 
6f400feb-03ae-49b9-9e00-510e20347a06, MariaDB, READ, 353497, true, No Error, 
6f400feb-03ae-49b9-9e00-510e20347a06, MariaDB, UPDATE_STATUS, 504584, true, No Error, 
6f400feb-03ae-49b9-9e00-510e20347a06, MariaDB, UPDATE_STATUS, 991524, true, No Error, 
6f400feb-03ae-49b9-9e00-510e20347a06, MariaDB, DELETE, 3967061, true, No Error, 
6f400feb-03ae-49b9-9e00-510e20347a06, MariaDB, READ, 389745, true, No Error, 
6f400feb-03ae-49b9-9e00-510e20347a06, MariaDB, DELETE, 833701, true, No Error, 
6f400feb-03ae-49b9-9e00-510e20347a06, MariaDB, DELETE, 3201364, true, No Error, 
6f400feb-03ae-49b9-9e00-510e20347a06, MariaDB, DELETE, 3068883, true, No Error, 
6f400feb-03ae-49b9-9e00-510e20347a06, MariaDB, DELETE, 796171, true, No Error, 
6f400feb-03ae-49b9-9e00-510e20347a06, MariaDB, READ, 341949, true, No Error, 
6f400feb-03ae-49b9-9e00-510e20347a06, MariaDB, READ, 241546, true, No Error, 
6f400feb-03ae-49b9-9e00-510e20347a06, MariaDB, READ, 238017, true, No Error, 
6f400feb-03ae-49b9-9e00-510e20347a06, MariaDB, UPDATE_STATUS, 606591, true, No Error, 
6f400feb-03ae-49b9-9e00-510e20347a06, MariaDB, CREATE, 2478009, true, No Error, 
6f400feb-03ae-49b9-9e00-510e20347a06, MariaDB, DELETE, 2392042, true, No Error, 
6f400feb-03ae-49b9-9e00-510e20347a06, MariaDB, DELETE, 3521822, true, No Error, 
6f400feb-03ae-49b9-9e00-510e20347a06, MariaDB, UPDATE_STATUS, 412521, true, No Error, 
6f400feb-03ae-49b9-9e00-510e20347a06, MariaDB, DELETE, 4457210, true, No Error, 
6f400feb-03ae-49b9-9e00-510e20347a06, MariaDB, CREATE, 674275, true, No Error, 
6f400feb-03ae-49b9-9e00-510e20347a06, MariaDB, DELETE, 2212406, true, No Error, 
6f400feb-03ae-49b9-9e00-510e20347a06, MariaDB, CREATE, 1137800, true, No Error, 
6f400feb-03ae-49b9-9e00-510e20347a06, MariaDB, READ, 440428, true, No Error, 
6f400feb-03ae-49b9-9e00-510e20347a06, MariaDB, CREATE, 1323210, true, No Error, 
6f400feb-03ae-49b9-9e00-510e20347a06, MariaDB, CREATE, 994091, true, No Error, 
6f400feb-03ae-49b9-9e00-510e20347a06, MariaDB, UPDATE_STATUS, 799700, true, No Error, 
6f400feb-03ae-49b9-9e00-510e20347a06, MariaDB, UPDATE_STATUS, 488224, true, No Error, 
6f400feb-03ae-49b9-9e00-510e20347a06, MariaDB, CREATE, 1602927, true, No Error, 
6f400feb-03ae-49b9-9e00-510e20347a06, MariaDB, READ, 359592, true, No Error, 
6f400feb-03ae-49b9-9e00-510e20347a06, MariaDB, CREATE, 1945519, true, No Error, 
6f400feb-03ae-49b9-9e00-510e20347a06, MariaDB, READ, 323344, true, No Error, 
6f400feb-03ae-49b9-9e00-510e20347a06, MariaDB, READ, 250207, true, No Error, 
6f400feb-03ae-49b9-9e00-510e20347a06, MariaDB, CREATE, 1023282, true, No Error, 
6f400feb-03ae-49b9-9e00-510e20347a06, MariaDB, DELETE, 5440716, true, No Error, 
6f400feb-03ae-49b9-9e00-510e20347a06, MariaDB, DELETE, 3584052, true, No Error, 
6f400feb-03ae-49b9-9e00-510e20347a06, MariaDB, READ, 294795, true, No Error, 
6f400feb-03ae-49b9-9e00-510e20347a06, MariaDB, DELETE, 782057, true, No Error, 
6f400feb-03ae-49b9-9e00-510e20347a06, MariaDB, DELETE, 3228309, true, No Error, 
6f400feb-03ae-49b9-9e00-510e20347a06, MariaDB, DELETE, 745809, true, No Error, 
6f400feb-03ae-49b9-9e00-510e20347a06, MariaDB, READ, 358951, true, No Error, 
6f400feb-03ae-49b9-9e00-510e20347a06, MariaDB, CREATE, 661123, true, No Error, 
6f400feb-03ae-49b9-9e00-510e20347a06, MariaDB, CREATE, 1032906, true, No Error, 
6f400feb-03ae-49b9-9e00-510e20347a06, MariaDB, DELETE, 4065219, true, No Error, 
6f400feb-03ae-49b9-9e00-510e20347a06, MariaDB, UPDATE_STATUS, 470582, true, No Error, 
6f400feb-03ae-49b9-9e00-510e20347a06, MariaDB, CREATE, 2139589, true, No Error, 
6f400feb-03ae-49b9-9e00-510e20347a06, MariaDB, DELETE, 3568655, true, No Error, 
6f400feb-03ae-49b9-9e00-510e20347a06, MariaDB, READ, 406425, true, No Error, 
6f400feb-03ae-49b9-9e00-510e20347a06, MariaDB, CREATE, 2238068, true, No Error, 
6f400feb-03ae-49b9-9e00-510e20347a06, MariaDB, UPDATE_STATUS, 887914, true, No Error, 
6f400feb-03ae-49b9-9e00-510e20347a06, MariaDB, DELETE, 3183079, true, No Error, 
6f400feb-03ae-49b9-9e00-510e20347a06, MariaDB, UPDATE_STATUS, 1043170, true, No Error, 
6f400feb-03ae-49b9-9e00-510e20347a06, MariaDB, CREATE, 1770695, true, No Error, 
6f400feb-03ae-49b9-9e00-510e20347a06, MariaDB, READ, 635461, true, No Error, 
6f400feb-03ae-49b9-9e00-510e20347a06, MariaDB, CREATE, 2264372, true, No Error, 
6f400feb-03ae-49b9-9e00-510e20347a06, MariaDB, UPDATE_STATUS, 705390, true, No Error, 
6f400feb-03ae-49b9-9e00-510e20347a06, MariaDB, CREATE, 994091, true, No Error, 
6f400feb-03ae-49b9-9e00-510e20347a06, MariaDB, UPDATE_STATUS, 474431, true, No Error, 
6f400feb-03ae-49b9-9e00-510e20347a06, MariaDB, UPDATE_STATUS, 501055, true, No Error, 
6f400feb-03ae-49b9-9e00-510e20347a06, MariaDB, CREATE, 1516317, true, No Error, 
6f400feb-03ae-49b9-9e00-510e20347a06, MariaDB, CREATE, 1887458, true, No Error, 
6f400feb-03ae-49b9-9e00-510e20347a06, MariaDB, READ, 659840, true, No Error, 
6f400feb-03ae-49b9-9e00-510e20347a06, MariaDB, READ, 325590, true, No Error, 
6f400feb-03ae-49b9-9e00-510e20347a06, MariaDB, DELETE, 3392227, true, No Error, 
6f400feb-03ae-49b9-9e00-510e20347a06, MariaDB, CREATE, 757036, true, No Error, 
6f400feb-03ae-49b9-9e00-510e20347a06, MariaDB, READ, 315646, true, No Error, 
6f400feb-03ae-49b9-9e00-510e20347a06, MariaDB, CREATE, 1112458, true, No Error, 
6f400feb-03ae-49b9-9e00-510e20347a06, MariaDB, READ, 391349, true, No Error, 
6f400feb-03ae-49b9-9e00-510e20347a06, MariaDB, CREATE, 860006, true, No Error, 
6f400feb-03ae-49b9-9e00-510e20347a06, MariaDB, CREATE, 2089227, true, No Error, 
6f400feb-03ae-49b9-9e00-510e20347a06, MariaDB, CREATE, 855515, true, No Error, 
6f400feb-03ae-49b9-9e00-510e20347a06, MariaDB, DELETE, 772434, true, No Error, 
6f400feb-03ae-49b9-9e00-510e20347a06, MariaDB, DELETE, 1978558, true, No Error, 
6f400feb-03ae-49b9-9e00-510e20347a06, MariaDB, READ, 409312, true, No Error, 
6f400feb-03ae-49b9-9e00-510e20347a06, MariaDB, CREATE, 1051831, true, No Error, 
6f400feb-03ae-49b9-9e00-510e20347a06, MariaDB, UPDATE_STATUS, 514848, true, No Error, 
6f400feb-03ae-49b9-9e00-510e20347a06, MariaDB, UPDATE_STATUS, 480204, true, No Error, 
6f400feb-03ae-49b9-9e00-510e20347a06, MariaDB, DELETE, 1421046, true, No Error, 
6f400feb-03ae-49b9-9e00-510e20347a06, MariaDB, UPDATE_STATUS, 1334116, true, No Error, 
6f400feb-03ae-49b9-9e00-510e20347a06, MariaDB, READ, 1142932, true, No Error, 
6f400feb-03ae-49b9-9e00-510e20347a06, MariaDB, CREATE, 1207408, true, No Error, 
6f400feb-03ae-49b9-9e00-510e20347a06, MariaDB, UPDATE_STATUS, 1098665, true, No Error, 
6f400feb-03ae-49b9-9e00-510e20347a06, MariaDB, READ, 619423, true, No Error, 
6f400feb-03ae-49b9-9e00-510e20347a06, MariaDB, UPDATE_STATUS, 689993, true, No Error, 
6f400feb-03ae-49b9-9e00-510e20347a06, MariaDB, CREATE, 1298189, true, No Error, 
6f400feb-03ae-49b9-9e00-510e20347a06, MariaDB, DELETE, 8665817, true, No Error, 
6f400feb-03ae-49b9-9e00-510e20347a06, MariaDB, DELETE, 1353683, true, No Error, 
6f400feb-03ae-49b9-9e00-510e20347a06, MariaDB, CREATE, 1448313, true, No Error, 
6f400feb-03ae-49b9-9e00-510e20347a06, MariaDB, READ, 443957, true, No Error, 
6f400feb-03ae-49b9-9e00-510e20347a06, MariaDB, READ, 438183, true, No Error, 
6f400feb-03ae-49b9-9e00-510e20347a06, MariaDB, DELETE, 5350577, true, No Error, 
6f400feb-03ae-49b9-9e00-510e20347a06, MariaDB, DELETE, 970033, true, No Error, 
6f400feb-03ae-49b9-9e00-510e20347a06, MariaDB, DELETE, 2279448, true, No Error, 
6f400feb-03ae-49b9-9e00-510e20347a06, MariaDB, DELETE, 3890074, true, No Error, 
6f400feb-03ae-49b9-9e00-510e20347a06, MariaDB, READ, 471223, true, No Error, 
6f400feb-03ae-49b9-9e00-510e20347a06, MariaDB, UPDATE_STATUS, 724317, true, No Error, 
6f400feb-03ae-49b9-9e00-510e20347a06, MariaDB, READ, 546285, true, No Error, 
6f400feb-03ae-49b9-9e00-510e20347a06, MariaDB, UPDATE_STATUS, 1003715, true, No Error, 
6f400feb-03ae-49b9-9e00-510e20347a06, MariaDB, READ, 679087, true, No Error, 
6f400feb-03ae-49b9-9e00-510e20347a06, MariaDB, DELETE, 7996995, true, No Error, 
6f400feb-03ae-49b9-9e00-510e20347a06, MariaDB, UPDATE_STATUS, 934106, true, No Error, 
6f400feb-03ae-49b9-9e00-510e20347a06, MariaDB, READ, 651500, true, No Error, 
6f400feb-03ae-49b9-9e00-510e20347a06, MariaDB, DELETE, 5253381, true, No Error, 
6f400feb-03ae-49b9-9e00-510e20347a06, MariaDB, UPDATE_STATUS, 526718, true, No Error, 
6f400feb-03ae-49b9-9e00-510e20347a06, MariaDB, UPDATE_STATUS, 528000, true, No Error, 
6f400feb-03ae-49b9-9e00-510e20347a06, MariaDB, DELETE, 2038544, true, No Error, 
6f400feb-03ae-49b9-9e00-510e20347a06, MariaDB, READ, 329760, true, No Error, 
6f400feb-03ae-49b9-9e00-510e20347a06, MariaDB, CREATE, 1233070, true, No Error, 
6f400feb-03ae-49b9-9e00-510e20347a06, MariaDB, CREATE, 2495653, true, No Error, 
6f400feb-03ae-49b9-9e00-510e20347a06, MariaDB, READ, 1067229, true, No Error, 
6f400feb-03ae-49b9-9e00-510e20347a06, MariaDB, DELETE, 6456619, true, No Error, 
6f400feb-03ae-49b9-9e00-510e20347a06, MariaDB, DELETE, 2127400, true, No Error, 
6f400feb-03ae-49b9-9e00-510e20347a06, MariaDB, UPDATE_STATUS, 444598, true, No Error, 
6f400feb-03ae-49b9-9e00-510e20347a06, MariaDB, UPDATE_STATUS, 476034, true, No Error, 
6f400feb-03ae-49b9-9e00-510e20347a06, MariaDB, UPDATE_STATUS, 457108, true, No Error, 
6f400feb-03ae-49b9-9e00-510e20347a06, MariaDB, DELETE, 5137901, true, No Error, 
6f400feb-03ae-49b9-9e00-510e20347a06, MariaDB, UPDATE_STATUS, 488224, true, No Error, 
6f400feb-03ae-49b9-9e00-510e20347a06, MariaDB, READ, 349648, true, No Error, 
6f400feb-03ae-49b9-9e00-510e20347a06, MariaDB, READ, 357667, true, No Error, 
6f400feb-03ae-49b9-9e00-510e20347a06, MariaDB, DELETE, 3641472, true, No Error, 
6f400feb-03ae-49b9-9e00-510e20347a06, MariaDB, DELETE, 3854789, true, No Error, 
6f400feb-03ae-49b9-9e00-510e20347a06, MariaDB, CREATE, 862892, true, No Error, 
6f400feb-03ae-49b9-9e00-510e20347a06, MariaDB, DELETE, 2227482, true, No Error, 
6f400feb-03ae-49b9-9e00-510e20347a06, MariaDB, DELETE, 1818811, true, No Error, 
6f400feb-03ae-49b9-9e00-510e20347a06, MariaDB, DELETE, 2365417, true, No Error, 
6f400feb-03ae-49b9-9e00-510e20347a06, MariaDB, READ, 420540, true, No Error, 
6f400feb-03ae-49b9-9e00-510e20347a06, MariaDB, READ, 306022, true, No Error, 
6f400feb-03ae-49b9-9e00-510e20347a06, MariaDB, CREATE, 793925, true, No Error, 
6f400feb-03ae-49b9-9e00-510e20347a06, MariaDB, CREATE, 1569567, true, No Error, 
6f400feb-03ae-49b9-9e00-510e20347a06, MariaDB, READ, 451013, true, No Error, 
6f400feb-03ae-49b9-9e00-510e20347a06, MariaDB, CREATE, 1521450, true, No Error, 
6f400feb-03ae-49b9-9e00-510e20347a06, MariaDB, UPDATE_STATUS, 398406, true, No Error, 
6f400feb-03ae-49b9-9e00-510e20347a06, MariaDB, DELETE, 899141, true, No Error, 
6f400feb-03ae-49b9-9e00-510e20347a06, MariaDB, DELETE, 823116, true, No Error, 
6f400feb-03ae-49b9-9e00-510e20347a06, MariaDB, DELETE, 1437727, true, No Error, 
6f400feb-03ae-49b9-9e00-510e20347a06, MariaDB, UPDATE_STATUS, 431126, true, No Error, 
6f400feb-03ae-49b9-9e00-510e20347a06, MariaDB, UPDATE_STATUS, 444598, true, No Error, 
6f400feb-03ae-49b9-9e00-510e20347a06, MariaDB, UPDATE_STATUS, 547889, true, No Error, 
6f400feb-03ae-49b9-9e00-510e20347a06, MariaDB, CREATE, 1615438, true, No Error, 
6f400feb-03ae-49b9-9e00-510e20347a06, MariaDB, DELETE, 1023602, true, No Error, 
6f400feb-03ae-49b9-9e00-510e20347a06, MariaDB, DELETE, 3721345, true, No Error, 
6f400feb-03ae-49b9-9e00-510e20347a06, MariaDB, READ, 431767, true, No Error, 
6f400feb-03ae-49b9-9e00-510e20347a06, MariaDB, READ, 648613, true, No Error, 
6f400feb-03ae-49b9-9e00-510e20347a06, MariaDB, UPDATE_STATUS, 636102, true, No Error, 
6f400feb-03ae-49b9-9e00-510e20347a06, MariaDB, DELETE, 811247, true, No Error, 
6f400feb-03ae-49b9-9e00-510e20347a06, MariaDB, DELETE, 3078185, true, No Error, 
6f400feb-03ae-49b9-9e00-510e20347a06, MariaDB, CREATE, 1406932, true, No Error, 
6f400feb-03ae-49b9-9e00-510e20347a06, MariaDB, CREATE, 2299979, true, No Error, 
6f400feb-03ae-49b9-9e00-510e20347a06, MariaDB, DELETE, 4063936, true, No Error, 
6f400feb-03ae-49b9-9e00-510e20347a06, MariaDB, CREATE, 943408, true, No Error, 
6f400feb-03ae-49b9-9e00-510e20347a06, MariaDB, DELETE, 1698199, true, No Error, 
6f400feb-03ae-49b9-9e00-510e20347a06, MariaDB, DELETE, 1110533, true, No Error, 
6f400feb-03ae-49b9-9e00-510e20347a06, MariaDB, CREATE, 668823, true, No Error, 
6f400feb-03ae-49b9-9e00-510e20347a06, MariaDB, CREATE, 1608381, true, No Error, 
6f400feb-03ae-49b9-9e00-510e20347a06, MariaDB, CREATE, 944691, true, No Error, 
6f400feb-03ae-49b9-9e00-510e20347a06, MariaDB, CREATE, 1776147, true, No Error, 
6f400feb-03ae-49b9-9e00-510e20347a06, MariaDB, DELETE, 999223, true, No Error, 
6f400feb-03ae-49b9-9e00-510e20347a06, MariaDB, DELETE, 783661, true, No Error, 
6f400feb-03ae-49b9-9e00-510e20347a06, MariaDB, READ, 302173, true, No Error, 
6f400feb-03ae-49b9-9e00-510e20347a06, MariaDB, DELETE, 2324357, true, No Error, 
6f400feb-03ae-49b9-9e00-510e20347a06, MariaDB, READ, 331043, true, No Error, 
6f400feb-03ae-49b9-9e00-510e20347a06, MariaDB, UPDATE_STATUS, 536020, true, No Error, 
6f400feb-03ae-49b9-9e00-510e20347a06, MariaDB, UPDATE_STATUS, 999865, true, No Error, 
6f400feb-03ae-49b9-9e00-510e20347a06, MariaDB, DELETE, 1003394, true, No Error, 
6f400feb-03ae-49b9-9e00-510e20347a06, MariaDB, CREATE, 1158650, true, No Error, 
6f400feb-03ae-49b9-9e00-510e20347a06, MariaDB, READ, 350610, true, No Error, 
6f400feb-03ae-49b9-9e00-510e20347a06, MariaDB, CREATE, 823757, true, No Error, 
6f400feb-03ae-49b9-9e00-510e20347a06, MariaDB, DELETE, 809323, true, No Error, 
6f400feb-03ae-49b9-9e00-510e20347a06, MariaDB, DELETE, 803228, true, No Error, 
6f400feb-03ae-49b9-9e00-510e20347a06, MariaDB, READ, 319816, true, No Error, 
6f400feb-03ae-49b9-9e00-510e20347a06, MariaDB, READ, 332968, true, No Error, 
6f400feb-03ae-49b9-9e00-510e20347a06, MariaDB, UPDATE_STATUS, 698975, true, No Error, 
6f400feb-03ae-49b9-9e00-510e20347a06, MariaDB, READ, 437862, true, No Error, 
6f400feb-03ae-49b9-9e00-510e20347a06, MariaDB, CREATE, 2741368, true, No Error, 
6f400feb-03ae-49b9-9e00-510e20347a06, MariaDB, DELETE, 879894, true, No Error, 
6f400feb-03ae-49b9-9e00-510e20347a06, MariaDB, UPDATE_STATUS, 395519, true, No Error, 
6f400feb-03ae-49b9-9e00-510e20347a06, MariaDB, UPDATE_STATUS, 348686, true, No Error, 
6f400feb-03ae-49b9-9e00-510e20347a06, MariaDB, DELETE, 4718324, true, No Error, 
6f400feb-03ae-49b9-9e00-510e20347a06, MariaDB, DELETE, 3163833, true, No Error, 
6f400feb-03ae-49b9-9e00-510e20347a06, MariaDB, DELETE, 1218315, true, No Error, 
6f400feb-03ae-49b9-9e00-510e20347a06, MariaDB, CREATE, 1882326, true, No Error, 
6f400feb-03ae-49b9-9e00-510e20347a06, MariaDB, CREATE, 1046699, true, No Error, 
6f400feb-03ae-49b9-9e00-510e20347a06, MariaDB, DELETE, 2010957, true, No Error, 
6f400feb-03ae-49b9-9e00-510e20347a06, MariaDB, DELETE, 732015, true, No Error, 
6f400feb-03ae-49b9-9e00-510e20347a06, MariaDB, UPDATE_STATUS, 431446, true, No Error, 
6f400feb-03ae-49b9-9e00-510e20347a06, MariaDB, CREATE, 1637571, true, No Error, 
6f400feb-03ae-49b9-9e00-510e20347a06, MariaDB, DELETE, 6182354, true, No Error, 
6f400feb-03ae-49b9-9e00-510e20347a06, MariaDB, CREATE, 1686330, true, No Error, 
6f400feb-03ae-49b9-9e00-510e20347a06, MariaDB, DELETE, 1051189, true, No Error, 
6f400feb-03ae-49b9-9e00-510e20347a06, MariaDB, UPDATE_STATUS, 419899, true, No Error, 
6f400feb-03ae-49b9-9e00-510e20347a06, MariaDB, READ, 469940, true, No Error, 
6f400feb-03ae-49b9-9e00-510e20347a06, MariaDB, DELETE, 1099307, true, No Error, 
6f400feb-03ae-49b9-9e00-510e20347a06, MariaDB, READ, 472185, true, No Error, 
6f400feb-03ae-49b9-9e00-510e20347a06, MariaDB, DELETE, 912613, true, No Error, 
6f400feb-03ae-49b9-9e00-510e20347a06, MariaDB, READ, 627121, true, No Error, 
6f400feb-03ae-49b9-9e00-510e20347a06, MariaDB, UPDATE_STATUS, 1038679, true, No Error, 
6f400feb-03ae-49b9-9e00-510e20347a06, MariaDB, UPDATE_STATUS, 698013, true, No Error, 
6f400feb-03ae-49b9-9e00-510e20347a06, MariaDB, CREATE, 1258412, true, No Error, 
6f400feb-03ae-49b9-9e00-510e20347a06, MariaDB, DELETE, 2678176, true, No Error, 
6f400feb-03ae-49b9-9e00-510e20347a06, MariaDB, DELETE, 1167632, true, No Error, 
6f400feb-03ae-49b9-9e00-510e20347a06, MariaDB, UPDATE_STATUS, 625196, true, No Error, 
6f400feb-03ae-49b9-9e00-510e20347a06, MariaDB, READ, 448769, true, No Error, 
6f400feb-03ae-49b9-9e00-510e20347a06, MariaDB, UPDATE_STATUS, 598571, true, No Error, 
6f400feb-03ae-49b9-9e00-510e20347a06, MariaDB, UPDATE_STATUS, 611724, true, No Error, 
6f400feb-03ae-49b9-9e00-510e20347a06, MariaDB, DELETE, 6055326, true, No Error, 
6f400feb-03ae-49b9-9e00-510e20347a06, MariaDB, CREATE, 2120343, true, No Error, 
6f400feb-03ae-49b9-9e00-510e20347a06, MariaDB, CREATE, 1432594, true, No Error, 
6f400feb-03ae-49b9-9e00-510e20347a06, MariaDB, CREATE, 1842870, true, No Error, 
6f400feb-03ae-49b9-9e00-510e20347a06, MariaDB, READ, 816380, true, No Error, 
6f400feb-03ae-49b9-9e00-510e20347a06, MariaDB, READ, 454543, true, No Error, 
6f400feb-03ae-49b9-9e00-510e20347a06, MariaDB, READ, 491112, true, No Error, 
6f400feb-03ae-49b9-9e00-510e20347a06, MariaDB, CREATE, 1238524, true, No Error, 
6f400feb-03ae-49b9-9e00-510e20347a06, MariaDB, READ, 549813, true, No Error, 
6f400feb-03ae-49b9-9e00-510e20347a06, MariaDB, READ, 487904, true, No Error, 
6f400feb-03ae-49b9-9e00-510e20347a06, MariaDB, READ, 369857, true, No Error, 
6f400feb-03ae-49b9-9e00-510e20347a06, MariaDB, CREATE, 2777617, true, No Error, 
6f400feb-03ae-49b9-9e00-510e20347a06, MariaDB, CREATE, 1417839, true, No Error, 
6f400feb-03ae-49b9-9e00-510e20347a06, MariaDB, UPDATE_STATUS, 477638, true, No Error, 
6f400feb-03ae-49b9-9e00-510e20347a06, MariaDB, CREATE, 1416877, true, No Error, 
6f400feb-03ae-49b9-9e00-510e20347a06, MariaDB, UPDATE_STATUS, 461599, true, No Error, 
6f400feb-03ae-49b9-9e00-510e20347a06, MariaDB, UPDATE_STATUS, 391670, true, No Error, 
6f400feb-03ae-49b9-9e00-510e20347a06, MariaDB, UPDATE_STATUS, 440108, true, No Error, 
6f400feb-03ae-49b9-9e00-510e20347a06, MariaDB, UPDATE_STATUS, 377877, true, No Error, 
6f400feb-03ae-49b9-9e00-510e20347a06, MariaDB, UPDATE_STATUS, 407709, true, No Error, 
6f400feb-03ae-49b9-9e00-510e20347a06, MariaDB, DELETE, 1769091, true, No Error, 
6f400feb-03ae-49b9-9e00-510e20347a06, MariaDB, READ, 306022, true, No Error, 
6f400feb-03ae-49b9-9e00-510e20347a06, MariaDB, CREATE, 1062417, true, No Error, 
6f400feb-03ae-49b9-9e00-510e20347a06, MariaDB, UPDATE_STATUS, 421503, true, No Error, 
6f400feb-03ae-49b9-9e00-510e20347a06, MariaDB, READ, 345478, true, No Error, 
6f400feb-03ae-49b9-9e00-510e20347a06, MariaDB, UPDATE_STATUS, 517735, true, No Error, 
6f400feb-03ae-49b9-9e00-510e20347a06, MariaDB, READ, 369215, true, No Error, 
6f400feb-03ae-49b9-9e00-510e20347a06, MariaDB, READ, 454542, true, No Error, 
6f400feb-03ae-49b9-9e00-510e20347a06, MariaDB, UPDATE_STATUS, 609158, true, No Error, 
6f400feb-03ae-49b9-9e00-510e20347a06, MariaDB, CREATE, 1625703, true, No Error, 
6f400feb-03ae-49b9-9e00-510e20347a06, MariaDB, CREATE, 1303963, true, No Error, 
6f400feb-03ae-49b9-9e00-510e20347a06, MariaDB, UPDATE_STATUS, 464486, true, No Error, 
6f400feb-03ae-49b9-9e00-510e20347a06, MariaDB, READ, 339062, true, No Error, 
6f400feb-03ae-49b9-9e00-510e20347a06, MariaDB, DELETE, 851665, true, No Error, 
6f400feb-03ae-49b9-9e00-510e20347a06, MariaDB, UPDATE_STATUS, 645084, true, No Error, 
6f400feb-03ae-49b9-9e00-510e20347a06, MariaDB, DELETE, 924803, true, No Error, 
6f400feb-03ae-49b9-9e00-510e20347a06, MariaDB, READ, 333930, true, No Error, 
6f400feb-03ae-49b9-9e00-510e20347a06, MariaDB, CREATE, 1023603, true, No Error, 
6f400feb-03ae-49b9-9e00-510e20347a06, MariaDB, CREATE, 1649120, true, No Error, 
6f400feb-03ae-49b9-9e00-510e20347a06, MariaDB, DELETE, 1270281, true, No Error, 
6f400feb-03ae-49b9-9e00-510e20347a06, MariaDB, UPDATE_STATUS, 510037, true, No Error, 
6f400feb-03ae-49b9-9e00-510e20347a06, MariaDB, CREATE, 848779, true, No Error, 
6f400feb-03ae-49b9-9e00-510e20347a06, MariaDB, UPDATE_STATUS, 509395, true, No Error, 
6f400feb-03ae-49b9-9e00-510e20347a06, MariaDB, DELETE, 4539650, true, No Error, 
6f400feb-03ae-49b9-9e00-510e20347a06, MariaDB, DELETE, 7955615, true, No Error, 
6f400feb-03ae-49b9-9e00-510e20347a06, MariaDB, READ, 725921, true, No Error, 
6f400feb-03ae-49b9-9e00-510e20347a06, MariaDB, READ, 445240, true, No Error, 
6f400feb-03ae-49b9-9e00-510e20347a06, MariaDB, UPDATE_STATUS, 732657, true, No Error, 
6f400feb-03ae-49b9-9e00-510e20347a06, MariaDB, CREATE, 2360284, true, No Error, 
6f400feb-03ae-49b9-9e00-510e20347a06, MariaDB, UPDATE_STATUS, 738752, true, No Error, 
6f400feb-03ae-49b9-9e00-510e20347a06, MariaDB, CREATE, 2411609, true, No Error, 
6f400feb-03ae-49b9-9e00-510e20347a06, MariaDB, DELETE, 1512148, true, No Error, 
6f400feb-03ae-49b9-9e00-510e20347a06, MariaDB, CREATE, 1182709, true, No Error, 
6f400feb-03ae-49b9-9e00-510e20347a06, MariaDB, READ, 376593, true, No Error, 
6f400feb-03ae-49b9-9e00-510e20347a06, MariaDB, CREATE, 1278621, true, No Error, 
6f400feb-03ae-49b9-9e00-510e20347a06, MariaDB, CREATE, 1754335, true, No Error, 
6f400feb-03ae-49b9-9e00-510e20347a06, MariaDB, READ, 347402, true, No Error, 
6f400feb-03ae-49b9-9e00-510e20347a06, MariaDB, CREATE, 955919, true, No Error, 
6f400feb-03ae-49b9-9e00-510e20347a06, MariaDB, CREATE, 861289, true, No Error, 
6f400feb-03ae-49b9-9e00-510e20347a06, MariaDB, CREATE, 1981766, true, No Error, 
6f400feb-03ae-49b9-9e00-510e20347a06, MariaDB, CREATE, 1681519, true, No Error, 
6f400feb-03ae-49b9-9e00-510e20347a06, MariaDB, UPDATE_STATUS, 830174, true, No Error, 
6f400feb-03ae-49b9-9e00-510e20347a06, MariaDB, DELETE, 910368, true, No Error, 
6f400feb-03ae-49b9-9e00-510e20347a06, MariaDB, UPDATE_STATUS, 452617, true, No Error, 
6f400feb-03ae-49b9-9e00-510e20347a06, MariaDB, READ, 313720, true, No Error, 
6f400feb-03ae-49b9-9e00-510e20347a06, MariaDB, UPDATE_STATUS, 463204, true, No Error, 
6f400feb-03ae-49b9-9e00-510e20347a06, MariaDB, UPDATE_STATUS, 379480, true, No Error, 
6f400feb-03ae-49b9-9e00-510e20347a06, MariaDB, READ, 344195, true, No Error, 
6f400feb-03ae-49b9-9e00-510e20347a06, MariaDB, READ, 403859, true, No Error, 
6f400feb-03ae-49b9-9e00-510e20347a06, MariaDB, READ, 377555, true, No Error, 
6f400feb-03ae-49b9-9e00-510e20347a06, MariaDB, UPDATE_STATUS, 596647, true, No Error, 
6f400feb-03ae-49b9-9e00-510e20347a06, MariaDB, CREATE, 1337644, true, No Error, 
6f400feb-03ae-49b9-9e00-510e20347a06, MariaDB, READ, 313721, true, No Error, 
6f400feb-03ae-49b9-9e00-510e20347a06, MariaDB, UPDATE_STATUS, 589269, true, No Error, 
6f400feb-03ae-49b9-9e00-510e20347a06, MariaDB, DELETE, 4633638, true, No Error, 
6f400feb-03ae-49b9-9e00-510e20347a06, MariaDB, CREATE, 780773, true, No Error, 
6f400feb-03ae-49b9-9e00-510e20347a06, MariaDB, CREATE, 1300113, true, No Error, 
6f400feb-03ae-49b9-9e00-510e20347a06, MariaDB, CREATE, 1136837, true, No Error, 
6f400feb-03ae-49b9-9e00-510e20347a06, MariaDB, CREATE, 2296450, true, No Error, 
6f400feb-03ae-49b9-9e00-510e20347a06, MariaDB, READ, 421181, true, No Error, 
6f400feb-03ae-49b9-9e00-510e20347a06, MariaDB, READ, 276832, true, No Error, 
6f400feb-03ae-49b9-9e00-510e20347a06, MariaDB, CREATE, 1138120, true, No Error, 
6f400feb-03ae-49b9-9e00-510e20347a06, MariaDB, DELETE, 866742, true, No Error, 
6f400feb-03ae-49b9-9e00-510e20347a06, MariaDB, READ, 383329, true, No Error, 
6f400feb-03ae-49b9-9e00-510e20347a06, MariaDB, DELETE, 5649221, true, No Error, 
6f400feb-03ae-49b9-9e00-510e20347a06, MariaDB, READ, 294474, true, No Error, 
6f400feb-03ae-49b9-9e00-510e20347a06, MariaDB, DELETE, 1892911, true, No Error, 
6f400feb-03ae-49b9-9e00-510e20347a06, MariaDB, CREATE, 924482, true, No Error, 
6f400feb-03ae-49b9-9e00-510e20347a06, MariaDB, DELETE, 4184549, true, No Error, 
6f400feb-03ae-49b9-9e00-510e20347a06, MariaDB, UPDATE_STATUS, 388141, true, No Error, 
6f400feb-03ae-49b9-9e00-510e20347a06, MariaDB, DELETE, 3738025, true, No Error, 
6f400feb-03ae-49b9-9e00-510e20347a06, MariaDB, READ, 357347, true, No Error, 
6f400feb-03ae-49b9-9e00-510e20347a06, MariaDB, UPDATE_STATUS, 425993, true, No Error, 
6f400feb-03ae-49b9-9e00-510e20347a06, MariaDB, DELETE, 4026085, true, No Error, 
6f400feb-03ae-49b9-9e00-510e20347a06, MariaDB, READ, 340987, true, No Error, 
6f400feb-03ae-49b9-9e00-510e20347a06, MariaDB, UPDATE_STATUS, 423748, true, No Error, 
6f400feb-03ae-49b9-9e00-510e20347a06, MariaDB, CREATE, 1113741, true, No Error, 
6f400feb-03ae-49b9-9e00-510e20347a06, MariaDB, UPDATE_STATUS, 480525, true, No Error, 
6f400feb-03ae-49b9-9e00-510e20347a06, MariaDB, READ, 373065, true, No Error, 
6f400feb-03ae-49b9-9e00-510e20347a06, MariaDB, DELETE, 1970218, true, No Error, 
6f400feb-03ae-49b9-9e00-510e20347a06, MariaDB, READ, 346761, true, No Error, 
6f400feb-03ae-49b9-9e00-510e20347a06, MariaDB, READ, 331042, true, No Error, 
6f400feb-03ae-49b9-9e00-510e20347a06, MariaDB, UPDATE_STATUS, 509395, true, No Error, 
6f400feb-03ae-49b9-9e00-510e20347a06, MariaDB, UPDATE_STATUS, 410916, true, No Error, 
6f400feb-03ae-49b9-9e00-510e20347a06, MariaDB, DELETE, 4913997, true, No Error, 
6f400feb-03ae-49b9-9e00-510e20347a06, MariaDB, DELETE, 1471729, true, No Error, 
6f400feb-03ae-49b9-9e00-510e20347a06, MariaDB, DELETE, 852949, true, No Error, 
6f400feb-03ae-49b9-9e00-510e20347a06, MariaDB, DELETE, 875082, true, No Error, 
6f400feb-03ae-49b9-9e00-510e20347a06, MariaDB, READ, 290625, true, No Error, 
6f400feb-03ae-49b9-9e00-510e20347a06, MariaDB, UPDATE_STATUS, 420860, true, No Error, 
6f400feb-03ae-49b9-9e00-510e20347a06, MariaDB, DELETE, 2756445, true, No Error, 
6f400feb-03ae-49b9-9e00-510e20347a06, MariaDB, READ, 360234, true, No Error, 
6f400feb-03ae-49b9-9e00-510e20347a06, MariaDB, CREATE, 1204842, true, No Error, 
6f400feb-03ae-49b9-9e00-510e20347a06, MariaDB, CREATE, 2033732, true, No Error, 
6f400feb-03ae-49b9-9e00-510e20347a06, MariaDB, DELETE, 3999460, true, No Error, 
6f400feb-03ae-49b9-9e00-510e20347a06, MariaDB, UPDATE_STATUS, 551738, true, No Error, 
6f400feb-03ae-49b9-9e00-510e20347a06, MariaDB, UPDATE_STATUS, 601780, true, No Error, 
6f400feb-03ae-49b9-9e00-510e20347a06, MariaDB, READ, 539869, true, No Error, 
6f400feb-03ae-49b9-9e00-510e20347a06, MariaDB, DELETE, 3031352, true, No Error, 
6f400feb-03ae-49b9-9e00-510e20347a06, MariaDB, CREATE, 1107325, true, No Error, 
