TestID, DatabaseType, EventType, TimeTaken, Success, ErrorMessage, TimeStamp, 
OneThousandCreateEventsMariaDB, MariaDB, CREATE, 3562561, true, No Error, 286995817900116, 
OneThousandCreateEventsMariaDB, MariaDB, CREATE, 1153197, true, No Error, 286995821222735, 
OneThousandCreateEventsMariaDB, MariaDB, CREATE, 887913, true, No Error, 286995822917405, 
OneThousandCreateEventsMariaDB, MariaDB, CREATE, 1078776, true, No Error, 286995826062312, 
OneThousandCreateEventsMariaDB, MariaDB, CREATE, 1263224, true, No Error, 286995828787642, 
OneThousandCreateEventsMariaDB, MariaDB, CREATE, 958484, true, No Error, 286995831025710, 
OneThousandCreateEventsMariaDB, MariaDB, CREATE, 1221522, true, No Error, 286995834576401, 
OneThousandCreateEventsMariaDB, MariaDB, CREATE, 1369081, true, No Error, 286995838074806, 
OneThousandCreateEventsMariaDB, MariaDB, CREATE, 1621853, true, No Error, 286995841912914, 
OneThousandCreateEventsMariaDB, MariaDB, CREATE, 973882, true, No Error, 286995843746481, 
OneThousandCreateEventsMariaDB, MariaDB, CREATE, 800021, true, No Error, 286995846006683, 
OneThousandCreateEventsMariaDB, MariaDB, CREATE, 661765, true, No Error, 286995847415539, 
OneThousandCreateEventsMariaDB, MariaDB, CREATE, 547889, true, No Error, 286995848456785, 
OneThousandCreateEventsMariaDB, MariaDB, CREATE, 2170383, true, No Error, 286995853046155, 
OneThousandCreateEventsMariaDB, MariaDB, CREATE, 1018791, true, No Error, 286995855190877, 
OneThousandCreateEventsMariaDB, MariaDB, CREATE, 617819, true, No Error, 286995856337979, 
OneThousandCreateEventsMariaDB, MariaDB, CREATE, 868346, true, No Error, 286995858610691, 
OneThousandCreateEventsMariaDB, MariaDB, CREATE, 772754, true, No Error, 286995861464973, 
OneThousandCreateEventsMariaDB, MariaDB, CREATE, 1152555, true, No Error, 286995863939134, 
OneThousandCreateEventsMariaDB, MariaDB, CREATE, 1349192, true, No Error, 286995867024697, 
OneThousandCreateEventsMariaDB, MariaDB, CREATE, 838514, true, No Error, 286995869613055, 
OneThousandCreateEventsMariaDB, MariaDB, CREATE, 917746, true, No Error, 286995872479847, 
OneThousandCreateEventsMariaDB, MariaDB, CREATE, 1313907, true, No Error, 286995875378076, 
OneThousandCreateEventsMariaDB, MariaDB, CREATE, 860006, true, No Error, 286995877570915, 
OneThousandCreateEventsMariaDB, MariaDB, CREATE, 1132347, true, No Error, 286995879963598, 
OneThousandCreateEventsMariaDB, MariaDB, CREATE, 1771336, true, No Error, 286995884225775, 
OneThousandCreateEventsMariaDB, MariaDB, CREATE, 2324036, true, No Error, 286995889392866, 
OneThousandCreateEventsMariaDB, MariaDB, CREATE, 1446709, true, No Error, 286995892957672, 
OneThousandCreateEventsMariaDB, MariaDB, CREATE, 1265469, true, No Error, 286995895074486, 
OneThousandCreateEventsMariaDB, MariaDB, CREATE, 1250714, true, No Error, 286995898540813, 
OneThousandCreateEventsMariaDB, MariaDB, CREATE, 1710709, true, No Error, 286995903079179, 
OneThousandCreateEventsMariaDB, MariaDB, CREATE, 1550641, true, No Error, 286995906033224, 
OneThousandCreateEventsMariaDB, MariaDB, CREATE, 1265470, true, No Error, 286995909699395, 
OneThousandCreateEventsMariaDB, MariaDB, CREATE, 1402442, true, No Error, 286995913650097, 
OneThousandCreateEventsMariaDB, MariaDB, CREATE, 1104439, true, No Error, 286995915955528, 
OneThousandCreateEventsMariaDB, MariaDB, CREATE, 1213182, true, No Error, 286995919433082, 
OneThousandCreateEventsMariaDB, MariaDB, CREATE, 1310698, true, No Error, 286995922718490, 
OneThousandCreateEventsMariaDB, MariaDB, CREATE, 1282149, true, No Error, 286995925584962, 
OneThousandCreateEventsMariaDB, MariaDB, CREATE, 912293, true, No Error, 286995927936906, 
OneThousandCreateEventsMariaDB, MariaDB, CREATE, 1594908, true, No Error, 286995931122552, 
OneThousandCreateEventsMariaDB, MariaDB, CREATE, 1841265, true, No Error, 286995934084616, 
OneThousandCreateEventsMariaDB, MariaDB, CREATE, 1302358, true, No Error, 286995937049888, 
OneThousandCreateEventsMariaDB, MariaDB, CREATE, 1378703, true, No Error, 286995939734800, 
OneThousandCreateEventsMariaDB, MariaDB, CREATE, 1088079, true, No Error, 286995942666710, 
OneThousandCreateEventsMariaDB, MariaDB, CREATE, 1207088, true, No Error, 286995945434703, 
OneThousandCreateEventsMariaDB, MariaDB, CREATE, 1253600, true, No Error, 286995949075533, 
OneThousandCreateEventsMariaDB, MariaDB, CREATE, 1210296, true, No Error, 286995952684927, 
OneThousandCreateEventsMariaDB, MariaDB, CREATE, 1293377, true, No Error, 286995955451316, 
OneThousandCreateEventsMariaDB, MariaDB, CREATE, 15393814, true, No Error, 286995973167884, 
OneThousandCreateEventsMariaDB, MariaDB, CREATE, 7344532, true, No Error, 286995982597474, 
OneThousandCreateEventsMariaDB, MariaDB, CREATE, 1191048, true, No Error, 286995985103391, 
OneThousandCreateEventsMariaDB, MariaDB, CREATE, 1327380, true, No Error, 286995988036264, 
OneThousandCreateEventsMariaDB, MariaDB, CREATE, 1199710, true, No Error, 286995991537235, 
OneThousandCreateEventsMariaDB, MariaDB, CREATE, 1553849, true, No Error, 286995994929783, 
OneThousandCreateEventsMariaDB, MariaDB, CREATE, 1422971, true, No Error, 286995998316236, 
OneThousandCreateEventsMariaDB, MariaDB, CREATE, 1731880, true, No Error, 286996000820229, 
OneThousandCreateEventsMariaDB, MariaDB, CREATE, 1501562, true, No Error, 286996004776063, 
OneThousandCreateEventsMariaDB, MariaDB, CREATE, 1022319, true, No Error, 286996006965693, 
OneThousandCreateEventsMariaDB, MariaDB, CREATE, 1387685, true, No Error, 286996009849166, 
OneThousandCreateEventsMariaDB, MariaDB, CREATE, 951428, true, No Error, 286996012157485, 
OneThousandCreateEventsMariaDB, MariaDB, CREATE, 876365, true, No Error, 286996014150158, 
OneThousandCreateEventsMariaDB, MariaDB, CREATE, 882139, true, No Error, 286996016085090, 
OneThousandCreateEventsMariaDB, MariaDB, CREATE, 1217674, true, No Error, 286996018532947, 
OneThousandCreateEventsMariaDB, MariaDB, CREATE, 1434198, true, No Error, 286996021893096, 
OneThousandCreateEventsMariaDB, MariaDB, CREATE, 1106684, true, No Error, 286996024273911, 
OneThousandCreateEventsMariaDB, MariaDB, CREATE, 1505732, true, No Error, 286996026590248, 
OneThousandCreateEventsMariaDB, MariaDB, CREATE, 7283264, true, No Error, 286996036502288, 
OneThousandCreateEventsMariaDB, MariaDB, CREATE, 2217859, true, No Error, 286996041953268, 
OneThousandCreateEventsMariaDB, MariaDB, CREATE, 1567963, true, No Error, 286996044959920, 
OneThousandCreateEventsMariaDB, MariaDB, CREATE, 1847360, true, No Error, 286996059232294, 
OneThousandCreateEventsMariaDB, MariaDB, CREATE, 1752731, true, No Error, 286996065014959, 
OneThousandCreateEventsMariaDB, MariaDB, CREATE, 2067414, true, No Error, 286996068424187, 
OneThousandCreateEventsMariaDB, MariaDB, CREATE, 1368439, true, No Error, 286996070942294, 
OneThousandCreateEventsMariaDB, MariaDB, CREATE, 1497392, true, No Error, 286996073836033, 
OneThousandCreateEventsMariaDB, MariaDB, CREATE, 962975, true, No Error, 286996075537439, 
OneThousandCreateEventsMariaDB, MariaDB, CREATE, 1043811, true, No Error, 286996077708144, 
OneThousandCreateEventsMariaDB, MariaDB, CREATE, 787510, true, No Error, 286996079425589, 
OneThousandCreateEventsMariaDB, MariaDB, CREATE, 897216, true, No Error, 286996082702015, 
OneThousandCreateEventsMariaDB, MariaDB, CREATE, 1940707, true, No Error, 286996087556990, 
OneThousandCreateEventsMariaDB, MariaDB, CREATE, 891121, true, No Error, 286996089446372, 
OneThousandCreateEventsMariaDB, MariaDB, CREATE, 1032264, true, No Error, 286996092178117, 
OneThousandCreateEventsMariaDB, MariaDB, CREATE, 1056001, true, No Error, 286996095584138, 
OneThousandCreateEventsMariaDB, MariaDB, CREATE, 824720, true, No Error, 286996097171668, 
OneThousandCreateEventsMariaDB, MariaDB, CREATE, 788472, true, No Error, 286996098730328, 
OneThousandCreateEventsMariaDB, MariaDB, CREATE, 1069153, true, No Error, 286996101331838, 
OneThousandCreateEventsMariaDB, MariaDB, CREATE, 899461, true, No Error, 286996103596530, 
OneThousandCreateEventsMariaDB, MariaDB, CREATE, 839797, true, No Error, 286996105441004, 
OneThousandCreateEventsMariaDB, MariaDB, CREATE, 768263, true, No Error, 286996107255324, 
OneThousandCreateEventsMariaDB, MariaDB, CREATE, 1156726, true, No Error, 286996110755653, 
OneThousandCreateEventsMariaDB, MariaDB, CREATE, 1156726, true, No Error, 286996113919486, 
OneThousandCreateEventsMariaDB, MariaDB, CREATE, 1162499, true, No Error, 286996117260389, 
OneThousandCreateEventsMariaDB, MariaDB, CREATE, 969391, true, No Error, 286996119815385, 
OneThousandCreateEventsMariaDB, MariaDB, CREATE, 968750, true, No Error, 286996121807737, 
OneThousandCreateEventsMariaDB, MariaDB, CREATE, 1189445, true, No Error, 286996124538520, 
OneThousandCreateEventsMariaDB, MariaDB, CREATE, 1170840, true, No Error, 286996126813798, 
OneThousandCreateEventsMariaDB, MariaDB, CREATE, 897537, true, No Error, 286996129189480, 
OneThousandCreateEventsMariaDB, MariaDB, CREATE, 956239, true, No Error, 286996132207039, 
OneThousandCreateEventsMariaDB, MariaDB, CREATE, 1272847, true, No Error, 286996135011600, 
OneThousandCreateEventsMariaDB, MariaDB, CREATE, 1630514, true, No Error, 286996138324916, 
OneThousandCreateEventsMariaDB, MariaDB, CREATE, 721750, true, No Error, 286996140353516, 
OneThousandCreateEventsMariaDB, MariaDB, CREATE, 1274771, true, No Error, 286996143057674, 
OneThousandCreateEventsMariaDB, MariaDB, CREATE, 1047982, true, No Error, 286996146328327, 
OneThousandCreateEventsMariaDB, MariaDB, CREATE, 668181, true, No Error, 286996147751939, 
OneThousandCreateEventsMariaDB, MariaDB, CREATE, 686786, true, No Error, 286996149172344, 
OneThousandCreateEventsMariaDB, MariaDB, CREATE, 985751, true, No Error, 286996150711758, 
OneThousandCreateEventsMariaDB, MariaDB, CREATE, 746450, true, No Error, 286996152639313, 
OneThousandCreateEventsMariaDB, MariaDB, CREATE, 816059, true, No Error, 286996154590926, 
OneThousandCreateEventsMariaDB, MariaDB, CREATE, 884385, true, No Error, 286996157504552, 
OneThousandCreateEventsMariaDB, MariaDB, CREATE, 1078456, true, No Error, 286996159768282, 
OneThousandCreateEventsMariaDB, MariaDB, CREATE, 1012696, true, No Error, 286996162219988, 
OneThousandCreateEventsMariaDB, MariaDB, CREATE, 1102834, true, No Error, 286996165945183, 
OneThousandCreateEventsMariaDB, MariaDB, CREATE, 1528187, true, No Error, 286996169647602, 
OneThousandCreateEventsMariaDB, MariaDB, CREATE, 2170384, true, No Error, 286996174393833, 
OneThousandCreateEventsMariaDB, MariaDB, CREATE, 1121761, true, No Error, 286996176722361, 
OneThousandCreateEventsMariaDB, MariaDB, CREATE, 790397, true, No Error, 286996178509415, 
OneThousandCreateEventsMariaDB, MariaDB, CREATE, 987354, true, No Error, 286996180834414, 
OneThousandCreateEventsMariaDB, MariaDB, CREATE, 784623, true, No Error, 286996182240704, 
OneThousandCreateEventsMariaDB, MariaDB, CREATE, 1099306, true, No Error, 286996184270908, 
OneThousandCreateEventsMariaDB, MariaDB, CREATE, 984147, true, No Error, 286996186788053, 
OneThousandCreateEventsMariaDB, MariaDB, CREATE, 1267073, true, No Error, 286996189276969, 
OneThousandCreateEventsMariaDB, MariaDB, CREATE, 811247, true, No Error, 286996191719052, 
OneThousandCreateEventsMariaDB, MariaDB, CREATE, 884385, true, No Error, 286996194303239, 
OneThousandCreateEventsMariaDB, MariaDB, CREATE, 1693387, true, No Error, 286996198021698, 
OneThousandCreateEventsMariaDB, MariaDB, CREATE, 1091286, true, No Error, 286996200176363, 
OneThousandCreateEventsMariaDB, MariaDB, CREATE, 1498995, true, No Error, 286996203938127, 
OneThousandCreateEventsMariaDB, MariaDB, CREATE, 979335, true, No Error, 286996205968330, 
OneThousandCreateEventsMariaDB, MariaDB, CREATE, 813814, true, No Error, 286996207778481, 
OneThousandCreateEventsMariaDB, MariaDB, CREATE, 792321, true, No Error, 286996210492262, 
OneThousandCreateEventsMariaDB, MariaDB, CREATE, 932501, true, No Error, 286996213645831, 
OneThousandCreateEventsMariaDB, MariaDB, CREATE, 598572, true, No Error, 286996214845540, 
OneThousandCreateEventsMariaDB, MariaDB, CREATE, 614290, true, No Error, 286996215964414, 
OneThousandCreateEventsMariaDB, MariaDB, CREATE, 1072040, true, No Error, 286996219244689, 
OneThousandCreateEventsMariaDB, MariaDB, CREATE, 742280, true, No Error, 286996220914980, 
OneThousandCreateEventsMariaDB, MariaDB, CREATE, 785585, true, No Error, 286996222819118, 
OneThousandCreateEventsMariaDB, MariaDB, CREATE, 868346, true, No Error, 286996225495048, 
OneThousandCreateEventsMariaDB, MariaDB, CREATE, 922878, true, No Error, 286996228637068, 
OneThousandCreateEventsMariaDB, MariaDB, CREATE, 826004, true, No Error, 286996231047073, 
OneThousandCreateEventsMariaDB, MariaDB, CREATE, 736506, true, No Error, 286996232614715, 
OneThousandCreateEventsMariaDB, MariaDB, CREATE, 900103, true, No Error, 286996235479583, 
OneThousandCreateEventsMariaDB, MariaDB, CREATE, 1028414, true, No Error, 286996238029127, 
OneThousandCreateEventsMariaDB, MariaDB, CREATE, 872516, true, No Error, 286996240395185, 
OneThousandCreateEventsMariaDB, MariaDB, CREATE, 983826, true, No Error, 286996242931577, 
OneThousandCreateEventsMariaDB, MariaDB, CREATE, 1479107, true, No Error, 286996245151039, 
OneThousandCreateEventsMariaDB, MariaDB, CREATE, 1635968, true, No Error, 286996248669332, 
OneThousandCreateEventsMariaDB, MariaDB, CREATE, 1391534, true, No Error, 286996251241651, 
OneThousandCreateEventsMariaDB, MariaDB, CREATE, 1262262, true, No Error, 286996254437883, 
OneThousandCreateEventsMariaDB, MariaDB, CREATE, 1012696, true, No Error, 286996256669856, 
OneThousandCreateEventsMariaDB, MariaDB, CREATE, 835305, true, No Error, 286996258888998, 
OneThousandCreateEventsMariaDB, MariaDB, CREATE, 1072040, true, No Error, 286996262265507, 
OneThousandCreateEventsMariaDB, MariaDB, CREATE, 1697236, true, No Error, 286996266807723, 
OneThousandCreateEventsMariaDB, MariaDB, CREATE, 1098023, true, No Error, 286996269622550, 
OneThousandCreateEventsMariaDB, MariaDB, CREATE, 1234995, true, No Error, 286996272669940, 
OneThousandCreateEventsMariaDB, MariaDB, CREATE, 1088721, true, No Error, 286996275804583, 
OneThousandCreateEventsMariaDB, MariaDB, CREATE, 1221202, true, No Error, 286996279417826, 
OneThousandCreateEventsMariaDB, MariaDB, CREATE, 829532, true, No Error, 286996281385478, 
OneThousandCreateEventsMariaDB, MariaDB, CREATE, 1163141, true, No Error, 286996284962473, 
OneThousandCreateEventsMariaDB, MariaDB, CREATE, 673955, true, No Error, 286996286319685, 
OneThousandCreateEventsMariaDB, MariaDB, CREATE, 1277018, true, No Error, 286996289039561, 
OneThousandCreateEventsMariaDB, MariaDB, CREATE, 1034830, true, No Error, 286996291558952, 
OneThousandCreateEventsMariaDB, MariaDB, CREATE, 989600, true, No Error, 286996294677555, 
OneThousandCreateEventsMariaDB, MariaDB, CREATE, 1019433, true, No Error, 286996298152222, 
OneThousandCreateEventsMariaDB, MariaDB, CREATE, 1153518, true, No Error, 286996300124686, 
OneThousandCreateEventsMariaDB, MariaDB, CREATE, 1080059, true, No Error, 286996303307445, 
OneThousandCreateEventsMariaDB, MariaDB, CREATE, 962975, true, No Error, 286996306410330, 
OneThousandCreateEventsMariaDB, MariaDB, CREATE, 817663, true, No Error, 286996309014085, 
OneThousandCreateEventsMariaDB, MariaDB, CREATE, 1492580, true, No Error, 286996312984354, 
OneThousandCreateEventsMariaDB, MariaDB, CREATE, 1094494, true, No Error, 286996315753951, 
OneThousandCreateEventsMariaDB, MariaDB, CREATE, 1194256, true, No Error, 286996319394781, 
OneThousandCreateEventsMariaDB, MariaDB, CREATE, 1007885, true, No Error, 286996322464306, 
OneThousandCreateEventsMariaDB, MariaDB, CREATE, 1729314, true, No Error, 286996325661821, 
OneThousandCreateEventsMariaDB, MariaDB, CREATE, 910047, true, No Error, 286996329310670, 
OneThousandCreateEventsMariaDB, MariaDB, CREATE, 621668, true, No Error, 286996330900125, 
OneThousandCreateEventsMariaDB, MariaDB, CREATE, 771792, true, No Error, 286996333117984, 
OneThousandCreateEventsMariaDB, MariaDB, CREATE, 824721, true, No Error, 286996335030141, 
OneThousandCreateEventsMariaDB, MariaDB, CREATE, 974844, true, No Error, 286996337551136, 
OneThousandCreateEventsMariaDB, MariaDB, CREATE, 1013979, true, No Error, 286996340051600, 
OneThousandCreateEventsMariaDB, MariaDB, CREATE, 753507, true, No Error, 286996343045100, 
OneThousandCreateEventsMariaDB, MariaDB, CREATE, 1150310, true, No Error, 286996345321661, 
OneThousandCreateEventsMariaDB, MariaDB, CREATE, 2026355, true, No Error, 286996350789322, 
OneThousandCreateEventsMariaDB, MariaDB, CREATE, 1139725, true, No Error, 286996354192776, 
OneThousandCreateEventsMariaDB, MariaDB, CREATE, 934426, true, No Error, 286996357058286, 
OneThousandCreateEventsMariaDB, MariaDB, CREATE, 846533, true, No Error, 286996359534692, 
OneThousandCreateEventsMariaDB, MariaDB, CREATE, 832419, true, No Error, 286996361013478, 
OneThousandCreateEventsMariaDB, MariaDB, CREATE, 944050, true, No Error, 286996364099362, 
OneThousandCreateEventsMariaDB, MariaDB, CREATE, 1052473, true, No Error, 286996366546578, 
OneThousandCreateEventsMariaDB, MariaDB, CREATE, 1152555, true, No Error, 286996369384180, 
OneThousandCreateEventsMariaDB, MariaDB, CREATE, 841080, true, No Error, 286996371487842, 
OneThousandCreateEventsMariaDB, MariaDB, CREATE, 952710, true, No Error, 286996374528496, 
OneThousandCreateEventsMariaDB, MariaDB, CREATE, 774038, true, No Error, 286996376747638, 
OneThousandCreateEventsMariaDB, MariaDB, CREATE, 1015904, true, No Error, 286996380306990, 
OneThousandCreateEventsMariaDB, MariaDB, CREATE, 1271564, true, No Error, 286996383953274, 
OneThousandCreateEventsMariaDB, MariaDB, CREATE, 1134271, true, No Error, 286996387139882, 
OneThousandCreateEventsMariaDB, MariaDB, CREATE, 916463, true, No Error, 286996389964332, 
OneThousandCreateEventsMariaDB, MariaDB, CREATE, 1258732, true, No Error, 286996393592652, 
OneThousandCreateEventsMariaDB, MariaDB, CREATE, 821512, true, No Error, 286996395277378, 
OneThousandCreateEventsMariaDB, MariaDB, CREATE, 613969, true, No Error, 286996396726332, 
OneThousandCreateEventsMariaDB, MariaDB, CREATE, 779490, true, No Error, 286996398483554, 
OneThousandCreateEventsMariaDB, MariaDB, CREATE, 892725, true, No Error, 286996400296591, 
OneThousandCreateEventsMariaDB, MariaDB, CREATE, 719825, true, No Error, 286996402667461, 
OneThousandCreateEventsMariaDB, MariaDB, CREATE, 645726, true, No Error, 286996403884493, 
OneThousandCreateEventsMariaDB, MariaDB, CREATE, 990562, true, No Error, 286996406622333, 
OneThousandCreateEventsMariaDB, MariaDB, CREATE, 849099, true, No Error, 286996409007317, 
OneThousandCreateEventsMariaDB, MariaDB, CREATE, 824720, true, No Error, 286996411861599, 
OneThousandCreateEventsMariaDB, MariaDB, CREATE, 729129, true, No Error, 286996413891482, 
OneThousandCreateEventsMariaDB, MariaDB, CREATE, 578363, true, No Error, 286996415145403, 
OneThousandCreateEventsMariaDB, MariaDB, CREATE, 930256, true, No Error, 286996417730553, 
OneThousandCreateEventsMariaDB, MariaDB, CREATE, 783660, true, No Error, 286996419231473, 
OneThousandCreateEventsMariaDB, MariaDB, CREATE, 707315, true, No Error, 286996420744904, 
OneThousandCreateEventsMariaDB, MariaDB, CREATE, 818946, true, No Error, 286996423382982, 
OneThousandCreateEventsMariaDB, MariaDB, CREATE, 743243, true, No Error, 286996425652165, 
OneThousandCreateEventsMariaDB, MariaDB, CREATE, 834985, true, No Error, 286996428179575, 
OneThousandCreateEventsMariaDB, MariaDB, CREATE, 698975, true, No Error, 286996429969516, 
OneThousandCreateEventsMariaDB, MariaDB, CREATE, 741318, true, No Error, 286996431995870, 
OneThousandCreateEventsMariaDB, MariaDB, CREATE, 929615, true, No Error, 286996433919255, 
OneThousandCreateEventsMariaDB, MariaDB, CREATE, 771150, true, No Error, 286996436371924, 
OneThousandCreateEventsMariaDB, MariaDB, CREATE, 702504, true, No Error, 286996437996343, 
OneThousandCreateEventsMariaDB, MariaDB, CREATE, 1103155, true, No Error, 286996441229465, 
OneThousandCreateEventsMariaDB, MariaDB, CREATE, 915821, true, No Error, 286996443904432, 
OneThousandCreateEventsMariaDB, MariaDB, CREATE, 874441, true, No Error, 286996445643049, 
OneThousandCreateEventsMariaDB, MariaDB, CREATE, 1413990, true, No Error, 286996448845054, 
OneThousandCreateEventsMariaDB, MariaDB, CREATE, 1241411, true, No Error, 286996452319722, 
OneThousandCreateEventsMariaDB, MariaDB, CREATE, 1390573, true, No Error, 286996454970951, 
OneThousandCreateEventsMariaDB, MariaDB, CREATE, 1747920, true, No Error, 286996458388841, 
OneThousandCreateEventsMariaDB, MariaDB, CREATE, 1406291, true, No Error, 286996461545938, 
OneThousandCreateEventsMariaDB, MariaDB, CREATE, 1685047, true, No Error, 286996465424464, 
OneThousandCreateEventsMariaDB, MariaDB, CREATE, 1675102, true, No Error, 286996468420851, 
OneThousandCreateEventsMariaDB, MariaDB, CREATE, 1974068, true, No Error, 286996471962882, 
OneThousandCreateEventsMariaDB, MariaDB, CREATE, 1368118, true, No Error, 286996474522369, 
OneThousandCreateEventsMariaDB, MariaDB, CREATE, 1391214, true, No Error, 286996478198164, 
OneThousandCreateEventsMariaDB, MariaDB, CREATE, 1021357, true, No Error, 286996480820203, 
OneThousandCreateEventsMariaDB, MariaDB, CREATE, 1642063, true, No Error, 286996484431842, 
OneThousandCreateEventsMariaDB, MariaDB, CREATE, 1106684, true, No Error, 286996487722062, 
OneThousandCreateEventsMariaDB, MariaDB, CREATE, 767622, true, No Error, 286996489414487, 
OneThousandCreateEventsMariaDB, MariaDB, CREATE, 949824, true, No Error, 286996491210523, 
OneThousandCreateEventsMariaDB, MariaDB, CREATE, 1008205, true, No Error, 286996493451798, 
OneThousandCreateEventsMariaDB, MariaDB, CREATE, 1272847, true, No Error, 286996496537682, 
OneThousandCreateEventsMariaDB, MariaDB, CREATE, 1171160, true, No Error, 286996499453233, 
OneThousandCreateEventsMariaDB, MariaDB, CREATE, 1371967, true, No Error, 286996502151618, 
OneThousandCreateEventsMariaDB, MariaDB, CREATE, 1269640, true, No Error, 286996505268617, 
OneThousandCreateEventsMariaDB, MariaDB, CREATE, 1062096, true, No Error, 286996507405961, 
OneThousandCreateEventsMariaDB, MariaDB, CREATE, 1033226, true, No Error, 286996509988224, 
OneThousandCreateEventsMariaDB, MariaDB, CREATE, 1460502, true, No Error, 286996513382376, 
OneThousandCreateEventsMariaDB, MariaDB, CREATE, 1144856, true, No Error, 286996516410199, 
OneThousandCreateEventsMariaDB, MariaDB, CREATE, 1402762, true, No Error, 286996520437887, 
OneThousandCreateEventsMariaDB, MariaDB, CREATE, 942446, true, No Error, 286996523265545, 
OneThousandCreateEventsMariaDB, MariaDB, CREATE, 890159, true, No Error, 286996525797125, 
OneThousandCreateEventsMariaDB, MariaDB, CREATE, 814455, true, No Error, 286996528317477, 
OneThousandCreateEventsMariaDB, MariaDB, CREATE, 1203238, true, No Error, 286996531592300, 
OneThousandCreateEventsMariaDB, MariaDB, CREATE, 1137157, true, No Error, 286996535569947, 
OneThousandCreateEventsMariaDB, MariaDB, CREATE, 839797, true, No Error, 286996537049695, 
OneThousandCreateEventsMariaDB, MariaDB, CREATE, 801945, true, No Error, 286996538874922, 
OneThousandCreateEventsMariaDB, MariaDB, CREATE, 1028735, true, No Error, 286996540912183, 
OneThousandCreateEventsMariaDB, MariaDB, CREATE, 1282149, true, No Error, 286996544149795, 
OneThousandCreateEventsMariaDB, MariaDB, CREATE, 1029376, true, No Error, 286996547389011, 
OneThousandCreateEventsMariaDB, MariaDB, CREATE, 873799, true, No Error, 286996549361154, 
OneThousandCreateEventsMariaDB, MariaDB, CREATE, 2202141, true, No Error, 286996553720206, 
OneThousandCreateEventsMariaDB, MariaDB, CREATE, 964580, true, No Error, 286996556240879, 
OneThousandCreateEventsMariaDB, MariaDB, CREATE, 746130, true, No Error, 286996557801464, 
OneThousandCreateEventsMariaDB, MariaDB, CREATE, 844288, true, No Error, 286996560455260, 
OneThousandCreateEventsMariaDB, MariaDB, CREATE, 917104, true, No Error, 286996563383001, 
OneThousandCreateEventsMariaDB, MariaDB, CREATE, 979656, true, No Error, 286996565270779, 
OneThousandCreateEventsMariaDB, MariaDB, CREATE, 1025848, true, No Error, 286996567009396, 
OneThousandCreateEventsMariaDB, MariaDB, CREATE, 848778, true, No Error, 286996569887737, 
OneThousandCreateEventsMariaDB, MariaDB, CREATE, 718222, true, No Error, 286996571555782, 
OneThousandCreateEventsMariaDB, MariaDB, CREATE, 585099, true, No Error, 286996572747152, 
OneThousandCreateEventsMariaDB, MariaDB, CREATE, 941804, true, No Error, 286996575869605, 
OneThousandCreateEventsMariaDB, MariaDB, CREATE, 1029055, true, No Error, 286996578385145, 
OneThousandCreateEventsMariaDB, MariaDB, CREATE, 1145498, true, No Error, 286996581210237, 
OneThousandCreateEventsMariaDB, MariaDB, CREATE, 974202, true, No Error, 286996583238195, 
OneThousandCreateEventsMariaDB, MariaDB, CREATE, 1525941, true, No Error, 286996586367705, 
OneThousandCreateEventsMariaDB, MariaDB, CREATE, 1328662, true, No Error, 286996589649585, 
OneThousandCreateEventsMariaDB, MariaDB, CREATE, 1180463, true, No Error, 286996591977471, 
OneThousandCreateEventsMariaDB, MariaDB, CREATE, 1061775, true, No Error, 286996594707933, 
OneThousandCreateEventsMariaDB, MariaDB, CREATE, 1453766, true, No Error, 286996598438260, 
OneThousandCreateEventsMariaDB, MariaDB, CREATE, 936351, true, No Error, 286996601017315, 
OneThousandCreateEventsMariaDB, MariaDB, CREATE, 863855, true, No Error, 286996602777424, 
OneThousandCreateEventsMariaDB, MariaDB, CREATE, 877648, true, No Error, 286996604671297, 
OneThousandCreateEventsMariaDB, MariaDB, CREATE, 1192011, true, No Error, 286996608346129, 
OneThousandCreateEventsMariaDB, MariaDB, CREATE, 944370, true, No Error, 286996611423673, 
OneThousandCreateEventsMariaDB, MariaDB, CREATE, 624876, true, No Error, 286996612622741, 
OneThousandCreateEventsMariaDB, MariaDB, CREATE, 676521, true, No Error, 286996614526558, 
OneThousandCreateEventsMariaDB, MariaDB, CREATE, 977090, true, No Error, 286996617256058, 
OneThousandCreateEventsMariaDB, MariaDB, CREATE, 1248468, true, No Error, 286996620790069, 
OneThousandCreateEventsMariaDB, MariaDB, CREATE, 659840, true, No Error, 286996622272064, 
OneThousandCreateEventsMariaDB, MariaDB, CREATE, 746130, true, No Error, 286996624274680, 
OneThousandCreateEventsMariaDB, MariaDB, CREATE, 2656041, true, No Error, 286996630381972, 
OneThousandCreateEventsMariaDB, MariaDB, CREATE, 885668, true, No Error, 286996632768881, 
OneThousandCreateEventsMariaDB, MariaDB, CREATE, 1029376, true, No Error, 286996635488758, 
OneThousandCreateEventsMariaDB, MariaDB, CREATE, 1020074, true, No Error, 286996638029319, 
OneThousandCreateEventsMariaDB, MariaDB, CREATE, 926086, true, No Error, 286996640747592, 
OneThousandCreateEventsMariaDB, MariaDB, CREATE, 1005639, true, No Error, 286996643913350, 
OneThousandCreateEventsMariaDB, MariaDB, CREATE, 1212220, true, No Error, 286996646906850, 
OneThousandCreateEventsMariaDB, MariaDB, CREATE, 1253921, true, No Error, 286996650037001, 
OneThousandCreateEventsMariaDB, MariaDB, CREATE, 1117270, true, No Error, 286996652815580, 
OneThousandCreateEventsMariaDB, MariaDB, CREATE, 946295, true, No Error, 286996655078669, 
OneThousandCreateEventsMariaDB, MariaDB, CREATE, 993770, true, No Error, 286996657122024, 
OneThousandCreateEventsMariaDB, MariaDB, CREATE, 1161537, true, No Error, 286996659054070, 
OneThousandCreateEventsMariaDB, MariaDB, CREATE, 1431312, true, No Error, 286996661219963, 
OneThousandCreateEventsMariaDB, MariaDB, CREATE, 2176478, true, No Error, 286996665776293, 
OneThousandCreateEventsMariaDB, MariaDB, CREATE, 1792828, true, No Error, 286996670972576, 
OneThousandCreateEventsMariaDB, MariaDB, CREATE, 1112779, true, No Error, 286996673608409, 
OneThousandCreateEventsMariaDB, MariaDB, CREATE, 884064, true, No Error, 286996675499074, 
OneThousandCreateEventsMariaDB, MariaDB, CREATE, 844287, true, No Error, 286996677892719, 
OneThousandCreateEventsMariaDB, MariaDB, CREATE, 990562, true, No Error, 286996680119560, 
OneThousandCreateEventsMariaDB, MariaDB, CREATE, 1373250, true, No Error, 286996683943233, 
OneThousandCreateEventsMariaDB, MariaDB, CREATE, 981260, true, No Error, 286996686547309, 
OneThousandCreateEventsMariaDB, MariaDB, CREATE, 867384, true, No Error, 286996688260905, 
OneThousandCreateEventsMariaDB, MariaDB, CREATE, 901386, true, No Error, 286996690298807, 
OneThousandCreateEventsMariaDB, MariaDB, CREATE, 645085, true, No Error, 286996691469968, 
OneThousandCreateEventsMariaDB, MariaDB, CREATE, 1091608, true, No Error, 286996693789193, 
OneThousandCreateEventsMariaDB, MariaDB, CREATE, 1014300, true, No Error, 286996696889191, 
OneThousandCreateEventsMariaDB, MariaDB, CREATE, 868988, true, No Error, 286996699792232, 
OneThousandCreateEventsMariaDB, MariaDB, CREATE, 1499958, true, No Error, 286996703376926, 
OneThousandCreateEventsMariaDB, MariaDB, CREATE, 1042528, true, No Error, 286996705478663, 
OneThousandCreateEventsMariaDB, MariaDB, CREATE, 844288, true, No Error, 286996707571098, 
OneThousandCreateEventsMariaDB, MariaDB, CREATE, 1037396, true, No Error, 286996710575183, 
OneThousandCreateEventsMariaDB, MariaDB, CREATE, 967146, true, No Error, 286996712390787, 
OneThousandCreateEventsMariaDB, MariaDB, CREATE, 1094495, true, No Error, 286996714224354, 
OneThousandCreateEventsMariaDB, MariaDB, CREATE, 1810791, true, No Error, 286996717956285, 
OneThousandCreateEventsMariaDB, MariaDB, CREATE, 917104, true, No Error, 286996720192428, 
OneThousandCreateEventsMariaDB, MariaDB, CREATE, 1037396, true, No Error, 286996723652018, 
OneThousandCreateEventsMariaDB, MariaDB, CREATE, 900103, true, No Error, 286996726017756, 
OneThousandCreateEventsMariaDB, MariaDB, CREATE, 1910554, true, No Error, 286996729784972, 
OneThousandCreateEventsMariaDB, MariaDB, CREATE, 1299793, true, No Error, 286996732176693, 
OneThousandCreateEventsMariaDB, MariaDB, CREATE, 1394743, true, No Error, 286996735503161, 
OneThousandCreateEventsMariaDB, MariaDB, CREATE, 794888, true, No Error, 286996738321195, 
OneThousandCreateEventsMariaDB, MariaDB, CREATE, 971957, true, No Error, 286996741120304, 
OneThousandCreateEventsMariaDB, MariaDB, CREATE, 845250, true, No Error, 286996743646751, 
OneThousandCreateEventsMariaDB, MariaDB, CREATE, 726883, true, No Error, 286996745967580, 
OneThousandCreateEventsMariaDB, MariaDB, CREATE, 676521, true, No Error, 286996747858566, 
OneThousandCreateEventsMariaDB, MariaDB, CREATE, 944691, true, No Error, 286996749753081, 
OneThousandCreateEventsMariaDB, MariaDB, CREATE, 1099306, true, No Error, 286996751942070, 
OneThousandCreateEventsMariaDB, MariaDB, CREATE, 1230184, true, No Error, 286996755883148, 
OneThousandCreateEventsMariaDB, MariaDB, CREATE, 791680, true, No Error, 286996757612462, 
OneThousandCreateEventsMariaDB, MariaDB, CREATE, 658557, true, No Error, 286996759193256, 
OneThousandCreateEventsMariaDB, MariaDB, CREATE, 632895, true, No Error, 286996760893379, 
OneThousandCreateEventsMariaDB, MariaDB, CREATE, 1139083, true, No Error, 286996763914466, 
OneThousandCreateEventsMariaDB, MariaDB, CREATE, 959126, true, No Error, 286996766471067, 
OneThousandCreateEventsMariaDB, MariaDB, CREATE, 939558, true, No Error, 286996768511535, 
OneThousandCreateEventsMariaDB, MariaDB, CREATE, 830815, true, No Error, 286996770867008, 
OneThousandCreateEventsMariaDB, MariaDB, CREATE, 1043491, true, No Error, 286996773323846, 
OneThousandCreateEventsMariaDB, MariaDB, CREATE, 908764, true, No Error, 286996775520534, 
OneThousandCreateEventsMariaDB, MariaDB, CREATE, 877970, true, No Error, 286996776993867, 
OneThousandCreateEventsMariaDB, MariaDB, CREATE, 751583, true, No Error, 286996778557339, 
OneThousandCreateEventsMariaDB, MariaDB, CREATE, 760886, true, No Error, 286996780937832, 
OneThousandCreateEventsMariaDB, MariaDB, CREATE, 1029376, true, No Error, 286996783634934, 
OneThousandCreateEventsMariaDB, MariaDB, CREATE, 614611, true, No Error, 286996785169856, 
OneThousandCreateEventsMariaDB, MariaDB, CREATE, 696088, true, No Error, 286996787094845, 
OneThousandCreateEventsMariaDB, MariaDB, CREATE, 692881, true, No Error, 286996788652222, 
OneThousandCreateEventsMariaDB, MariaDB, CREATE, 667539, true, No Error, 286996790719636, 
OneThousandCreateEventsMariaDB, MariaDB, CREATE, 865780, true, No Error, 286996793237422, 
OneThousandCreateEventsMariaDB, MariaDB, CREATE, 1159612, true, No Error, 286996795743019, 
OneThousandCreateEventsMariaDB, MariaDB, CREATE, 873799, true, No Error, 286996797537451, 
OneThousandCreateEventsMariaDB, MariaDB, CREATE, 866101, true, No Error, 286996799707193, 
OneThousandCreateEventsMariaDB, MariaDB, CREATE, 891763, true, No Error, 286996801859934, 
OneThousandCreateEventsMariaDB, MariaDB, CREATE, 1005959, true, No Error, 286996804631456, 
OneThousandCreateEventsMariaDB, MariaDB, CREATE, 920954, true, No Error, 286996806683152, 
OneThousandCreateEventsMariaDB, MariaDB, CREATE, 1067549, true, No Error, 286996810174820, 
OneThousandCreateEventsMariaDB, MariaDB, CREATE, 985430, true, No Error, 286996812728213, 
OneThousandCreateEventsMariaDB, MariaDB, CREATE, 774358, true, No Error, 286996814075160, 
OneThousandCreateEventsMariaDB, MariaDB, CREATE, 1221201, true, No Error, 286996816785734, 
OneThousandCreateEventsMariaDB, MariaDB, CREATE, 931539, true, No Error, 286996819932886, 
OneThousandCreateEventsMariaDB, MariaDB, CREATE, 800662, true, No Error, 286996822157161, 
OneThousandCreateEventsMariaDB, MariaDB, CREATE, 895291, true, No Error, 286996824646077, 
OneThousandCreateEventsMariaDB, MariaDB, CREATE, 1024244, true, No Error, 286996827080461, 
OneThousandCreateEventsMariaDB, MariaDB, CREATE, 990883, true, No Error, 286996830381908, 
OneThousandCreateEventsMariaDB, MariaDB, CREATE, 761206, true, No Error, 286996832701454, 
OneThousandCreateEventsMariaDB, MariaDB, CREATE, 1499316, true, No Error, 286996836143401, 
OneThousandCreateEventsMariaDB, MariaDB, CREATE, 1157367, true, No Error, 286996839725529, 
OneThousandCreateEventsMariaDB, MariaDB, CREATE, 3596883, true, No Error, 286996844290520, 
OneThousandCreateEventsMariaDB, MariaDB, CREATE, 1014621, true, No Error, 286996846994679, 
OneThousandCreateEventsMariaDB, MariaDB, CREATE, 1083267, true, No Error, 286996850078638, 
OneThousandCreateEventsMariaDB, MariaDB, CREATE, 808361, true, No Error, 286996852265702, 
OneThousandCreateEventsMariaDB, MariaDB, CREATE, 894008, true, No Error, 286996854349797, 
OneThousandCreateEventsMariaDB, MariaDB, CREATE, 820230, true, No Error, 286996856114717, 
OneThousandCreateEventsMariaDB, MariaDB, CREATE, 831135, true, No Error, 286996858129203, 
OneThousandCreateEventsMariaDB, MariaDB, CREATE, 654066, true, No Error, 286996859855309, 
OneThousandCreateEventsMariaDB, MariaDB, CREATE, 702825, true, No Error, 286996862655380, 
OneThousandCreateEventsMariaDB, MariaDB, CREATE, 688390, true, No Error, 286996864887354, 
OneThousandCreateEventsMariaDB, MariaDB, CREATE, 938596, true, No Error, 286996867139536, 
OneThousandCreateEventsMariaDB, MariaDB, CREATE, 956881, true, No Error, 286996868905098, 
OneThousandCreateEventsMariaDB, MariaDB, CREATE, 911971, true, No Error, 286996871383108, 
OneThousandCreateEventsMariaDB, MariaDB, CREATE, 1208050, true, No Error, 286996874060962, 
OneThousandCreateEventsMariaDB, MariaDB, CREATE, 1254884, true, No Error, 286996876464872, 
OneThousandCreateEventsMariaDB, MariaDB, CREATE, 1867570, true, No Error, 286996880126553, 
OneThousandCreateEventsMariaDB, MariaDB, CREATE, 1233070, true, No Error, 286996882436475, 
OneThousandCreateEventsMariaDB, MariaDB, CREATE, 1333795, true, No Error, 286996886433369, 
OneThousandCreateEventsMariaDB, MariaDB, CREATE, 1143574, true, No Error, 286996890018063, 
OneThousandCreateEventsMariaDB, MariaDB, CREATE, 1085191, true, No Error, 286996892181389, 
OneThousandCreateEventsMariaDB, MariaDB, CREATE, 1552566, true, No Error, 286996896836519, 
OneThousandCreateEventsMariaDB, MariaDB, CREATE, 884064, true, No Error, 286996899194237, 
OneThousandCreateEventsMariaDB, MariaDB, CREATE, 1615438, true, No Error, 286996903339010, 
OneThousandCreateEventsMariaDB, MariaDB, CREATE, 988959, true, No Error, 286996906484558, 
OneThousandCreateEventsMariaDB, MariaDB, CREATE, 956560, true, No Error, 286996909735643, 
OneThousandCreateEventsMariaDB, MariaDB, CREATE, 2118097, true, No Error, 286996914042408, 
OneThousandCreateEventsMariaDB, MariaDB, CREATE, 880215, true, No Error, 286996915859616, 
OneThousandCreateEventsMariaDB, MariaDB, CREATE, 1445105, true, No Error, 286996918377402, 
OneThousandCreateEventsMariaDB, MariaDB, CREATE, 886631, true, No Error, 286996921110109, 
OneThousandCreateEventsMariaDB, MariaDB, CREATE, 943087, true, No Error, 286996924232883, 
OneThousandCreateEventsMariaDB, MariaDB, CREATE, 959768, true, No Error, 286996927438417, 
OneThousandCreateEventsMariaDB, MariaDB, CREATE, 898178, true, No Error, 286996929908087, 
OneThousandCreateEventsMariaDB, MariaDB, CREATE, 930256, true, No Error, 286996933071599, 
OneThousandCreateEventsMariaDB, MariaDB, CREATE, 899461, true, No Error, 286996935497964, 
OneThousandCreateEventsMariaDB, MariaDB, CREATE, 797134, true, No Error, 286996937763619, 
OneThousandCreateEventsMariaDB, MariaDB, CREATE, 1382874, true, No Error, 286996940517177, 
OneThousandCreateEventsMariaDB, MariaDB, CREATE, 783019, true, No Error, 286996941948488, 
OneThousandCreateEventsMariaDB, MariaDB, CREATE, 843646, true, No Error, 286996944093531, 
OneThousandCreateEventsMariaDB, MariaDB, CREATE, 885026, true, No Error, 286996946884620, 
OneThousandCreateEventsMariaDB, MariaDB, CREATE, 1124648, true, No Error, 286996949582042, 
OneThousandCreateEventsMariaDB, MariaDB, CREATE, 1094815, true, No Error, 286996952812597, 
OneThousandCreateEventsMariaDB, MariaDB, CREATE, 599854, true, No Error, 286996954156657, 
OneThousandCreateEventsMariaDB, MariaDB, CREATE, 1014300, true, No Error, 286996956764582, 
OneThousandCreateEventsMariaDB, MariaDB, CREATE, 646688, true, No Error, 286996957916495, 
OneThousandCreateEventsMariaDB, MariaDB, CREATE, 682295, true, No Error, 286996960375258, 
OneThousandCreateEventsMariaDB, MariaDB, CREATE, 1115345, true, No Error, 286996963916327, 
OneThousandCreateEventsMariaDB, MariaDB, CREATE, 1457294, true, No Error, 286996967666221, 
OneThousandCreateEventsMariaDB, MariaDB, CREATE, 948862, true, No Error, 286996970943610, 
OneThousandCreateEventsMariaDB, MariaDB, CREATE, 936351, true, No Error, 286996973673109, 
OneThousandCreateEventsMariaDB, MariaDB, CREATE, 834664, true, No Error, 286996976052640, 
OneThousandCreateEventsMariaDB, MariaDB, CREATE, 1420084, true, No Error, 286996979227059, 
OneThousandCreateEventsMariaDB, MariaDB, CREATE, 1081984, true, No Error, 286996981875402, 
OneThousandCreateEventsMariaDB, MariaDB, CREATE, 1012375, true, No Error, 286996984552936, 
OneThousandCreateEventsMariaDB, MariaDB, CREATE, 857439, true, No Error, 286996987409143, 
OneThousandCreateEventsMariaDB, MariaDB, CREATE, 825683, true, No Error, 286996989074943, 
OneThousandCreateEventsMariaDB, MariaDB, CREATE, 838835, true, No Error, 286996990875470, 
OneThousandCreateEventsMariaDB, MariaDB, CREATE, 822795, true, No Error, 286996993248906, 
OneThousandCreateEventsMariaDB, MariaDB, CREATE, 836910, true, No Error, 286996995503013, 
OneThousandCreateEventsMariaDB, MariaDB, CREATE, 827928, true, No Error, 286996997103054, 
OneThousandCreateEventsMariaDB, MariaDB, CREATE, 1316152, true, No Error, 286997000765376, 
OneThousandCreateEventsMariaDB, MariaDB, CREATE, 946936, true, No Error, 286997003245952, 
OneThousandCreateEventsMariaDB, MariaDB, CREATE, 787510, true, No Error, 286997005969998, 
OneThousandCreateEventsMariaDB, MariaDB, CREATE, 923840, true, No Error, 286997008542959, 
OneThousandCreateEventsMariaDB, MariaDB, CREATE, 874441, true, No Error, 286997010509969, 
OneThousandCreateEventsMariaDB, MariaDB, CREATE, 972278, true, No Error, 286997012867046, 
OneThousandCreateEventsMariaDB, MariaDB, CREATE, 1234675, true, No Error, 286997015888133, 
OneThousandCreateEventsMariaDB, MariaDB, CREATE, 782699, true, No Error, 286997017347031, 
OneThousandCreateEventsMariaDB, MariaDB, CREATE, 838835, true, No Error, 286997020166990, 
OneThousandCreateEventsMariaDB, MariaDB, CREATE, 1354966, true, No Error, 286997023221117, 
OneThousandCreateEventsMariaDB, MariaDB, CREATE, 1007885, true, No Error, 286997026588965, 
OneThousandCreateEventsMariaDB, MariaDB, CREATE, 783982, true, No Error, 286997028003275, 
OneThousandCreateEventsMariaDB, MariaDB, CREATE, 1110212, true, No Error, 286997030863973, 
OneThousandCreateEventsMariaDB, MariaDB, CREATE, 1146139, true, No Error, 286997033940234, 
OneThousandCreateEventsMariaDB, MariaDB, CREATE, 718222, true, No Error, 286997035518783, 
OneThousandCreateEventsMariaDB, MariaDB, CREATE, 878290, true, No Error, 286997037767115, 
OneThousandCreateEventsMariaDB, MariaDB, CREATE, 685502, true, No Error, 286997039279584, 
OneThousandCreateEventsMariaDB, MariaDB, CREATE, 640914, true, No Error, 286997041039692, 
OneThousandCreateEventsMariaDB, MariaDB, CREATE, 596326, true, No Error, 286997042057842, 
OneThousandCreateEventsMariaDB, MariaDB, CREATE, 1149989, true, No Error, 286997045057436, 
OneThousandCreateEventsMariaDB, MariaDB, CREATE, 899140, true, No Error, 286997046858926, 
OneThousandCreateEventsMariaDB, MariaDB, CREATE, 675879, true, No Error, 286997048439399, 
OneThousandCreateEventsMariaDB, MariaDB, CREATE, 810927, true, No Error, 286997050331668, 
OneThousandCreateEventsMariaDB, MariaDB, CREATE, 786547, true, No Error, 286997052711199, 
OneThousandCreateEventsMariaDB, MariaDB, CREATE, 740035, true, No Error, 286997055618410, 
OneThousandCreateEventsMariaDB, MariaDB, CREATE, 675558, true, No Error, 286997057167767, 
OneThousandCreateEventsMariaDB, MariaDB, CREATE, 756394, true, No Error, 286997058468843, 
OneThousandCreateEventsMariaDB, MariaDB, CREATE, 953993, true, No Error, 286997061345901, 
OneThousandCreateEventsMariaDB, MariaDB, CREATE, 1040925, true, No Error, 286997064645102, 
OneThousandCreateEventsMariaDB, MariaDB, CREATE, 1109892, true, No Error, 286997067380697, 
OneThousandCreateEventsMariaDB, MariaDB, CREATE, 883102, true, No Error, 286997069508738, 
OneThousandCreateEventsMariaDB, MariaDB, CREATE, 1127214, true, No Error, 286997072333188, 
OneThousandCreateEventsMariaDB, MariaDB, CREATE, 1054397, true, No Error, 286997075614105, 
OneThousandCreateEventsMariaDB, MariaDB, CREATE, 1010451, true, No Error, 286997078895984, 
OneThousandCreateEventsMariaDB, MariaDB, CREATE, 1026169, true, No Error, 286997081221625, 
OneThousandCreateEventsMariaDB, MariaDB, CREATE, 2601830, true, No Error, 286997086012123, 
OneThousandCreateEventsMariaDB, MariaDB, CREATE, 1666121, true, No Error, 286997090244468, 
OneThousandCreateEventsMariaDB, MariaDB, CREATE, 1470767, true, No Error, 286997093884015, 
OneThousandCreateEventsMariaDB, MariaDB, CREATE, 1260337, true, No Error, 286997095980940, 
OneThousandCreateEventsMariaDB, MariaDB, CREATE, 1751769, true, No Error, 286997099147019, 
OneThousandCreateEventsMariaDB, MariaDB, CREATE, 2305111, true, No Error, 286997103619305, 
OneThousandCreateEventsMariaDB, MariaDB, CREATE, 1387365, true, No Error, 286997107066386, 
OneThousandCreateEventsMariaDB, MariaDB, CREATE, 1282791, true, No Error, 286997109664046, 
OneThousandCreateEventsMariaDB, MariaDB, CREATE, 1067869, true, No Error, 286997112076617, 
OneThousandCreateEventsMariaDB, MariaDB, CREATE, 1743429, true, No Error, 286997115702049, 
OneThousandCreateEventsMariaDB, MariaDB, CREATE, 1456012, true, No Error, 286997119626126, 
OneThousandCreateEventsMariaDB, MariaDB, CREATE, 3389020, true, No Error, 286997125448247, 
OneThousandCreateEventsMariaDB, MariaDB, CREATE, 1178859, true, No Error, 286997127778378, 
OneThousandCreateEventsMariaDB, MariaDB, CREATE, 1209974, true, No Error, 286997130782784, 
OneThousandCreateEventsMariaDB, MariaDB, CREATE, 1112779, true, No Error, 286997133244114, 
OneThousandCreateEventsMariaDB, MariaDB, CREATE, 1276696, true, No Error, 286997136983743, 
OneThousandCreateEventsMariaDB, MariaDB, CREATE, 1102835, true, No Error, 286997140507810, 
OneThousandCreateEventsMariaDB, MariaDB, CREATE, 1153197, true, No Error, 286997143373962, 
OneThousandCreateEventsMariaDB, MariaDB, CREATE, 834022, true, No Error, 286997145270722, 
OneThousandCreateEventsMariaDB, MariaDB, CREATE, 1246543, true, No Error, 286997148695668, 
OneThousandCreateEventsMariaDB, MariaDB, CREATE, 2647701, true, No Error, 286997152489189, 
OneThousandCreateEventsMariaDB, MariaDB, CREATE, 1431953, true, No Error, 286997158549005, 
OneThousandCreateEventsMariaDB, MariaDB, CREATE, 1132025, true, No Error, 286997160884269, 
OneThousandCreateEventsMariaDB, MariaDB, CREATE, 1459219, true, No Error, 286997164223888, 
OneThousandCreateEventsMariaDB, MariaDB, CREATE, 1691462, true, No Error, 286997167414025, 
OneThousandCreateEventsMariaDB, MariaDB, CREATE, 1140366, true, No Error, 286997170036385, 
OneThousandCreateEventsMariaDB, MariaDB, CREATE, 2003900, true, No Error, 286997173795582, 
OneThousandCreateEventsMariaDB, MariaDB, CREATE, 1436123, true, No Error, 286997176455153, 
OneThousandCreateEventsMariaDB, MariaDB, CREATE, 1757863, true, No Error, 286997179930461, 
OneThousandCreateEventsMariaDB, MariaDB, CREATE, 1106364, true, No Error, 286997182323786, 
OneThousandCreateEventsMariaDB, MariaDB, CREATE, 1355287, true, No Error, 286997185688747, 
OneThousandCreateEventsMariaDB, MariaDB, CREATE, 855836, true, No Error, 286997188176380, 
OneThousandCreateEventsMariaDB, MariaDB, CREATE, 895292, true, No Error, 286997190915182, 
OneThousandCreateEventsMariaDB, MariaDB, CREATE, 813172, true, No Error, 286997193471783, 
OneThousandCreateEventsMariaDB, MariaDB, CREATE, 852949, true, No Error, 286997196507626, 
OneThousandCreateEventsMariaDB, MariaDB, CREATE, 947899, true, No Error, 286997198561888, 
OneThousandCreateEventsMariaDB, MariaDB, CREATE, 1227938, true, No Error, 286997201714814, 
OneThousandCreateEventsMariaDB, MariaDB, CREATE, 611724, true, No Error, 286997203012682, 
OneThousandCreateEventsMariaDB, MariaDB, CREATE, 890800, true, No Error, 286997205411460, 
OneThousandCreateEventsMariaDB, MariaDB, CREATE, 655991, true, No Error, 286997206813901, 
OneThousandCreateEventsMariaDB, MariaDB, CREATE, 818946, true, No Error, 286997209406108, 
OneThousandCreateEventsMariaDB, MariaDB, CREATE, 638349, true, No Error, 286997211447539, 
OneThousandCreateEventsMariaDB, MariaDB, CREATE, 797133, true, No Error, 286997213087035, 
OneThousandCreateEventsMariaDB, MariaDB, CREATE, 687427, true, No Error, 286997214847144, 
OneThousandCreateEventsMariaDB, MariaDB, CREATE, 727204, true, No Error, 286997217305907, 
OneThousandCreateEventsMariaDB, MariaDB, CREATE, 796813, true, No Error, 286997218871945, 
OneThousandCreateEventsMariaDB, MariaDB, CREATE, 821833, true, No Error, 286997221432074, 
OneThousandCreateEventsMariaDB, MariaDB, CREATE, 614290, true, No Error, 286997223305097, 
OneThousandCreateEventsMariaDB, MariaDB, CREATE, 787189, true, No Error, 286997225847904, 
OneThousandCreateEventsMariaDB, MariaDB, CREATE, 741318, true, No Error, 286997227525252, 
OneThousandCreateEventsMariaDB, MariaDB, CREATE, 774358, true, No Error, 286997229345346, 
OneThousandCreateEventsMariaDB, MariaDB, CREATE, 843967, true, No Error, 286997232016464, 
OneThousandCreateEventsMariaDB, MariaDB, CREATE, 1234995, true, No Error, 286997235169712, 
OneThousandCreateEventsMariaDB, MariaDB, CREATE, 1682480, true, No Error, 286997238582148, 
OneThousandCreateEventsMariaDB, MariaDB, CREATE, 1868211, true, No Error, 286997243222843, 
OneThousandCreateEventsMariaDB, MariaDB, CREATE, 1139083, true, No Error, 286997246294613, 
OneThousandCreateEventsMariaDB, MariaDB, CREATE, 2474160, true, No Error, 286997250770749, 
OneThousandCreateEventsMariaDB, MariaDB, CREATE, 1957387, true, No Error, 286997254887293, 
OneThousandCreateEventsMariaDB, MariaDB, CREATE, 1858587, true, No Error, 286997258284652, 
OneThousandCreateEventsMariaDB, MariaDB, CREATE, 1864362, true, No Error, 286997263185498, 
OneThousandCreateEventsMariaDB, MariaDB, CREATE, 2053300, true, No Error, 286997267637576, 
OneThousandCreateEventsMariaDB, MariaDB, CREATE, 1778072, true, No Error, 286997271406396, 
OneThousandCreateEventsMariaDB, MariaDB, CREATE, 1525620, true, No Error, 286997275658308, 
OneThousandCreateEventsMariaDB, MariaDB, CREATE, 1938782, true, No Error, 286997279280212, 
OneThousandCreateEventsMariaDB, MariaDB, CREATE, 2034053, true, No Error, 286997283183759, 
OneThousandCreateEventsMariaDB, MariaDB, CREATE, 2837281, true, No Error, 286997289417117, 
OneThousandCreateEventsMariaDB, MariaDB, CREATE, 1703973, true, No Error, 286997292382709, 
OneThousandCreateEventsMariaDB, MariaDB, CREATE, 1358174, true, No Error, 286997295111247, 
OneThousandCreateEventsMariaDB, MariaDB, CREATE, 2254428, true, No Error, 286997298926580, 
OneThousandCreateEventsMariaDB, MariaDB, CREATE, 2450423, true, No Error, 286997304160073, 
OneThousandCreateEventsMariaDB, MariaDB, CREATE, 1784487, true, No Error, 286997310328633, 
OneThousandCreateEventsMariaDB, MariaDB, CREATE, 1304925, true, No Error, 286997313332398, 
OneThousandCreateEventsMariaDB, MariaDB, CREATE, 1419443, true, No Error, 286997316585408, 
OneThousandCreateEventsMariaDB, MariaDB, CREATE, 2154345, true, No Error, 286997321170608, 
OneThousandCreateEventsMariaDB, MariaDB, CREATE, 3489744, true, No Error, 286997327382794, 
OneThousandCreateEventsMariaDB, MariaDB, CREATE, 1095136, true, No Error, 286997329484532, 
OneThousandCreateEventsMariaDB, MariaDB, CREATE, 1445425, true, No Error, 286997332458785, 
OneThousandCreateEventsMariaDB, MariaDB, CREATE, 2621076, true, No Error, 286997336231455, 
OneThousandCreateEventsMariaDB, MariaDB, CREATE, 2770881, true, No Error, 286997341757497, 
OneThousandCreateEventsMariaDB, MariaDB, CREATE, 1946802, true, No Error, 286997346062017, 
OneThousandCreateEventsMariaDB, MariaDB, CREATE, 2778899, true, No Error, 286997351936745, 
OneThousandCreateEventsMariaDB, MariaDB, CREATE, 3490064, true, No Error, 286997358626890, 
OneThousandCreateEventsMariaDB, MariaDB, CREATE, 1273809, true, No Error, 286997362877519, 
OneThousandCreateEventsMariaDB, MariaDB, CREATE, 989280, true, No Error, 286997365369643, 
OneThousandCreateEventsMariaDB, MariaDB, CREATE, 1212862, true, No Error, 286997368054234, 
OneThousandCreateEventsMariaDB, MariaDB, CREATE, 2594132, true, No Error, 286997373203362, 
OneThousandCreateEventsMariaDB, MariaDB, CREATE, 844929, true, No Error, 286997376338325, 
OneThousandCreateEventsMariaDB, MariaDB, CREATE, 855194, true, No Error, 286997378892680, 
OneThousandCreateEventsMariaDB, MariaDB, CREATE, 798095, true, No Error, 286997381504134, 
OneThousandCreateEventsMariaDB, MariaDB, CREATE, 1950651, true, No Error, 286997385020502, 
OneThousandCreateEventsMariaDB, MariaDB, CREATE, 2546977, true, No Error, 286997390357927, 
OneThousandCreateEventsMariaDB, MariaDB, CREATE, 870591, true, No Error, 286997392802897, 
OneThousandCreateEventsMariaDB, MariaDB, CREATE, 1328342, true, No Error, 286997395839381, 
OneThousandCreateEventsMariaDB, MariaDB, CREATE, 782699, true, No Error, 286997397564204, 
OneThousandCreateEventsMariaDB, MariaDB, CREATE, 724959, true, No Error, 286997399334257, 
OneThousandCreateEventsMariaDB, MariaDB, CREATE, 1819131, true, No Error, 286997403402684, 
OneThousandCreateEventsMariaDB, MariaDB, CREATE, 1000186, true, No Error, 286997407986922, 
OneThousandCreateEventsMariaDB, MariaDB, CREATE, 884385, true, No Error, 286997411204325, 
OneThousandCreateEventsMariaDB, MariaDB, CREATE, 741959, true, No Error, 286997412739889, 
OneThousandCreateEventsMariaDB, MariaDB, CREATE, 1140687, true, No Error, 286997416233482, 
OneThousandCreateEventsMariaDB, MariaDB, CREATE, 2835678, true, No Error, 286997421861211, 
OneThousandCreateEventsMariaDB, MariaDB, CREATE, 1389611, true, No Error, 286997426245284, 
OneThousandCreateEventsMariaDB, MariaDB, CREATE, 912934, true, No Error, 286997429388266, 
OneThousandCreateEventsMariaDB, MariaDB, CREATE, 908764, true, No Error, 286997431778062, 
OneThousandCreateEventsMariaDB, MariaDB, CREATE, 3363357, true, No Error, 286997438052159, 
OneThousandCreateEventsMariaDB, MariaDB, CREATE, 1393139, true, No Error, 286997441611832, 
OneThousandCreateEventsMariaDB, MariaDB, CREATE, 883423, true, No Error, 286997443973399, 
OneThousandCreateEventsMariaDB, MariaDB, CREATE, 1037075, true, No Error, 286997447228333, 
OneThousandCreateEventsMariaDB, MariaDB, CREATE, 1567322, true, No Error, 286997450311010, 
OneThousandCreateEventsMariaDB, MariaDB, CREATE, 1079739, true, No Error, 286997455017785, 
OneThousandCreateEventsMariaDB, MariaDB, CREATE, 1000506, true, No Error, 286997457717773, 
OneThousandCreateEventsMariaDB, MariaDB, CREATE, 875403, true, No Error, 286997459987919, 
OneThousandCreateEventsMariaDB, MariaDB, CREATE, 1234996, true, No Error, 286997463922261, 
OneThousandCreateEventsMariaDB, MariaDB, CREATE, 1197143, true, No Error, 286997466991465, 
OneThousandCreateEventsMariaDB, MariaDB, CREATE, 1208691, true, No Error, 286997469549669, 
OneThousandCreateEventsMariaDB, MariaDB, CREATE, 2038865, true, No Error, 286997474303919, 
OneThousandCreateEventsMariaDB, MariaDB, CREATE, 806436, true, No Error, 286997476006288, 
OneThousandCreateEventsMariaDB, MariaDB, CREATE, 856156, true, No Error, 286997477621405, 
OneThousandCreateEventsMariaDB, MariaDB, CREATE, 942445, true, No Error, 286997480731989, 
OneThousandCreateEventsMariaDB, MariaDB, CREATE, 1224409, true, No Error, 286997483784192, 
OneThousandCreateEventsMariaDB, MariaDB, CREATE, 2444649, true, No Error, 286997487745158, 
OneThousandCreateEventsMariaDB, MariaDB, CREATE, 1260657, true, No Error, 286997490773944, 
OneThousandCreateEventsMariaDB, MariaDB, CREATE, 1287923, true, No Error, 286997494410283, 
OneThousandCreateEventsMariaDB, MariaDB, CREATE, 1515035, true, No Error, 286997498004279, 
OneThousandCreateEventsMariaDB, MariaDB, CREATE, 1410461, true, No Error, 286997501616239, 
OneThousandCreateEventsMariaDB, MariaDB, CREATE, 2959176, true, No Error, 286997505408477, 
OneThousandCreateEventsMariaDB, MariaDB, CREATE, 2065168, true, No Error, 286997511309188, 
OneThousandCreateEventsMariaDB, MariaDB, CREATE, 1522091, true, No Error, 286997514342464, 
OneThousandCreateEventsMariaDB, MariaDB, CREATE, 1310698, true, No Error, 286997516995298, 
OneThousandCreateEventsMariaDB, MariaDB, CREATE, 2260843, true, No Error, 286997521833913, 
OneThousandCreateEventsMariaDB, MariaDB, CREATE, 1412386, true, No Error, 286997526009159, 
OneThousandCreateEventsMariaDB, MariaDB, CREATE, 1084229, true, No Error, 286997528066629, 
OneThousandCreateEventsMariaDB, MariaDB, CREATE, 1175972, true, No Error, 286997531528786, 
OneThousandCreateEventsMariaDB, MariaDB, CREATE, 2093077, true, No Error, 286997534791418, 
OneThousandCreateEventsMariaDB, MariaDB, CREATE, 2603434, true, No Error, 286997540434545, 
OneThousandCreateEventsMariaDB, MariaDB, CREATE, 1227296, true, No Error, 286997544220366, 
OneThousandCreateEventsMariaDB, MariaDB, CREATE, 1722578, true, No Error, 286997548186144, 
OneThousandCreateEventsMariaDB, MariaDB, CREATE, 1136196, true, No Error, 286997550148664, 
OneThousandCreateEventsMariaDB, MariaDB, CREATE, 2318263, true, No Error, 286997554999469, 
OneThousandCreateEventsMariaDB, MariaDB, CREATE, 1464672, true, No Error, 286997558969096, 
OneThousandCreateEventsMariaDB, MariaDB, CREATE, 1308453, true, No Error, 286997561323927, 
OneThousandCreateEventsMariaDB, MariaDB, CREATE, 1407574, true, No Error, 286997564888412, 
OneThousandCreateEventsMariaDB, MariaDB, CREATE, 1191370, true, No Error, 286997567170747, 
OneThousandCreateEventsMariaDB, MariaDB, CREATE, 1531073, true, No Error, 286997571182718, 
OneThousandCreateEventsMariaDB, MariaDB, CREATE, 1189444, true, No Error, 286997574303566, 
OneThousandCreateEventsMariaDB, MariaDB, CREATE, 860968, true, No Error, 286997576327034, 
OneThousandCreateEventsMariaDB, MariaDB, CREATE, 949824, true, No Error, 286997578809214, 
OneThousandCreateEventsMariaDB, MariaDB, CREATE, 1519846, true, No Error, 286997582635774, 
OneThousandCreateEventsMariaDB, MariaDB, CREATE, 1271564, true, No Error, 286997586629139, 
OneThousandCreateEventsMariaDB, MariaDB, CREATE, 1054718, true, No Error, 286997589238668, 
OneThousandCreateEventsMariaDB, MariaDB, CREATE, 759923, true, No Error, 286997591863915, 
OneThousandCreateEventsMariaDB, MariaDB, CREATE, 1004035, true, No Error, 286997595294956, 
OneThousandCreateEventsMariaDB, MariaDB, CREATE, 938597, true, No Error, 286997598045628, 
OneThousandCreateEventsMariaDB, MariaDB, CREATE, 1418159, true, No Error, 286997601375303, 
OneThousandCreateEventsMariaDB, MariaDB, CREATE, 827287, true, No Error, 286997603867427, 
OneThousandCreateEventsMariaDB, MariaDB, CREATE, 1173085, true, No Error, 286997605688163, 
OneThousandCreateEventsMariaDB, MariaDB, CREATE, 1160896, true, No Error, 286997608139869, 
OneThousandCreateEventsMariaDB, MariaDB, CREATE, 1709105, true, No Error, 286997612382478, 
OneThousandCreateEventsMariaDB, MariaDB, CREATE, 1054397, true, No Error, 286997615794594, 
OneThousandCreateEventsMariaDB, MariaDB, CREATE, 1151913, true, No Error, 286997618485921, 
OneThousandCreateEventsMariaDB, MariaDB, CREATE, 925444, true, No Error, 286997620764728, 
OneThousandCreateEventsMariaDB, MariaDB, CREATE, 959768, true, No Error, 286997623683807, 
OneThousandCreateEventsMariaDB, MariaDB, CREATE, 991525, true, No Error, 286997626547713, 
OneThousandCreateEventsMariaDB, MariaDB, CREATE, 891762, true, No Error, 286997628287934, 
OneThousandCreateEventsMariaDB, MariaDB, CREATE, 935388, true, No Error, 286997631456579, 
OneThousandCreateEventsMariaDB, MariaDB, CREATE, 1404045, true, No Error, 286997633871074, 
OneThousandCreateEventsMariaDB, MariaDB, CREATE, 1310378, true, No Error, 286997636553741, 
OneThousandCreateEventsMariaDB, MariaDB, CREATE, 957201, true, No Error, 286997639884058, 
OneThousandCreateEventsMariaDB, MariaDB, CREATE, 836910, true, No Error, 286997642283477, 
OneThousandCreateEventsMariaDB, MariaDB, CREATE, 878290, true, No Error, 286997644172859, 
OneThousandCreateEventsMariaDB, MariaDB, CREATE, 858723, true, No Error, 286997646360565, 
OneThousandCreateEventsMariaDB, MariaDB, CREATE, 923520, true, No Error, 286997648971698, 
OneThousandCreateEventsMariaDB, MariaDB, CREATE, 1062095, true, No Error, 286997651161970, 
OneThousandCreateEventsMariaDB, MariaDB, CREATE, 980939, true, No Error, 286997654303669, 
OneThousandCreateEventsMariaDB, MariaDB, CREATE, 844288, true, No Error, 286997656318796, 
OneThousandCreateEventsMariaDB, MariaDB, CREATE, 1080060, true, No Error, 286997659211251, 
OneThousandCreateEventsMariaDB, MariaDB, CREATE, 931860, true, No Error, 286997662016455, 
OneThousandCreateEventsMariaDB, MariaDB, CREATE, 1045736, true, No Error, 286997664522052, 
OneThousandCreateEventsMariaDB, MariaDB, CREATE, 874762, true, No Error, 286997666184323, 
OneThousandCreateEventsMariaDB, MariaDB, CREATE, 766338, true, No Error, 286997667880918, 
OneThousandCreateEventsMariaDB, MariaDB, CREATE, 802265, true, No Error, 286997669646159, 
OneThousandCreateEventsMariaDB, MariaDB, CREATE, 706674, true, No Error, 286997671777729, 
OneThousandCreateEventsMariaDB, MariaDB, CREATE, 751903, true, No Error, 286997674265362, 
OneThousandCreateEventsMariaDB, MariaDB, CREATE, 1008526, true, No Error, 286997676850512, 
OneThousandCreateEventsMariaDB, MariaDB, CREATE, 911330, true, No Error, 286997679214645, 
OneThousandCreateEventsMariaDB, MariaDB, CREATE, 697692, true, No Error, 286997680871463, 
OneThousandCreateEventsMariaDB, MariaDB, CREATE, 1042849, true, No Error, 286997683921100, 
OneThousandCreateEventsMariaDB, MariaDB, CREATE, 735223, true, No Error, 286997685805991, 
OneThousandCreateEventsMariaDB, MariaDB, CREATE, 791680, true, No Error, 286997688711277, 
OneThousandCreateEventsMariaDB, MariaDB, CREATE, 613969, true, No Error, 286997690027108, 
OneThousandCreateEventsMariaDB, MariaDB, CREATE, 878611, true, No Error, 286997691959154, 
OneThousandCreateEventsMariaDB, MariaDB, CREATE, 876044, true, No Error, 286997694670690, 
OneThousandCreateEventsMariaDB, MariaDB, CREATE, 923841, true, No Error, 286997697143247, 
OneThousandCreateEventsMariaDB, MariaDB, CREATE, 869629, true, No Error, 286997698998306, 
OneThousandCreateEventsMariaDB, MariaDB, CREATE, 884706, true, No Error, 286997701346722, 
OneThousandCreateEventsMariaDB, MariaDB, CREATE, 776282, true, No Error, 286997702688857, 
OneThousandCreateEventsMariaDB, MariaDB, CREATE, 713089, true, No Error, 286997704734458, 
OneThousandCreateEventsMariaDB, MariaDB, CREATE, 561682, true, No Error, 286997705847558, 
OneThousandCreateEventsMariaDB, MariaDB, CREATE, 735223, true, No Error, 286997707784415, 
OneThousandCreateEventsMariaDB, MariaDB, CREATE, 675238, true, No Error, 286997709523352, 
OneThousandCreateEventsMariaDB, MariaDB, CREATE, 1950010, true, No Error, 286997713725544, 
OneThousandCreateEventsMariaDB, MariaDB, CREATE, 2086661, true, No Error, 286997717594447, 
OneThousandCreateEventsMariaDB, MariaDB, CREATE, 1629873, true, No Error, 286997720672312, 
OneThousandCreateEventsMariaDB, MariaDB, CREATE, 1798282, true, No Error, 286997724558858, 
OneThousandCreateEventsMariaDB, MariaDB, CREATE, 1241731, true, No Error, 286997728090623, 
OneThousandCreateEventsMariaDB, MariaDB, CREATE, 1107326, true, No Error, 286997731974282, 
OneThousandCreateEventsMariaDB, MariaDB, CREATE, 1401479, true, No Error, 286997735439647, 
OneThousandCreateEventsMariaDB, MariaDB, CREATE, 926086, true, No Error, 286997737286365, 
OneThousandCreateEventsMariaDB, MariaDB, CREATE, 2991255, true, No Error, 286997742534293, 
OneThousandCreateEventsMariaDB, MariaDB, CREATE, 1324492, true, No Error, 286997745293304, 
OneThousandCreateEventsMariaDB, MariaDB, CREATE, 1102514, true, No Error, 286997747791523, 
OneThousandCreateEventsMariaDB, MariaDB, CREATE, 1175010, true, No Error, 286997751482074, 
OneThousandCreateEventsMariaDB, MariaDB, CREATE, 918709, true, No Error, 286997753343228, 
OneThousandCreateEventsMariaDB, MariaDB, CREATE, 851024, true, No Error, 286997754828109, 
OneThousandCreateEventsMariaDB, MariaDB, CREATE, 1206126, true, No Error, 286997758454183, 
OneThousandCreateEventsMariaDB, MariaDB, CREATE, 733298, true, No Error, 286997760031449, 
OneThousandCreateEventsMariaDB, MariaDB, CREATE, 846854, true, No Error, 286997761456986, 
OneThousandCreateEventsMariaDB, MariaDB, CREATE, 975485, true, No Error, 286997763429129, 
OneThousandCreateEventsMariaDB, MariaDB, CREATE, 732015, true, No Error, 286997765469918, 
OneThousandCreateEventsMariaDB, MariaDB, CREATE, 1091608, true, No Error, 286997767879923, 
OneThousandCreateEventsMariaDB, MariaDB, CREATE, 1034830, true, No Error, 286997770847761, 
OneThousandCreateEventsMariaDB, MariaDB, CREATE, 1277338, true, No Error, 286997773754972, 
OneThousandCreateEventsMariaDB, MariaDB, CREATE, 1951934, true, No Error, 286997777114801, 
OneThousandCreateEventsMariaDB, MariaDB, CREATE, 1388007, true, No Error, 286997780429720, 
OneThousandCreateEventsMariaDB, MariaDB, CREATE, 1907025, true, No Error, 286997784089476, 
OneThousandCreateEventsMariaDB, MariaDB, CREATE, 1107646, true, No Error, 286997787006631, 
OneThousandCreateEventsMariaDB, MariaDB, CREATE, 1178859, true, No Error, 286997789070196, 
OneThousandCreateEventsMariaDB, MariaDB, CREATE, 1617042, true, No Error, 286997793171021, 
OneThousandCreateEventsMariaDB, MariaDB, CREATE, 1337644, true, No Error, 286997796945937, 
OneThousandCreateEventsMariaDB, MariaDB, CREATE, 828570, true, No Error, 286997798493049, 
OneThousandCreateEventsMariaDB, MariaDB, CREATE, 1445746, true, No Error, 286997802257699, 
OneThousandCreateEventsMariaDB, MariaDB, CREATE, 1421367, true, No Error, 286997805467724, 
OneThousandCreateEventsMariaDB, MariaDB, CREATE, 1005960, true, No Error, 286997808057044, 
OneThousandCreateEventsMariaDB, MariaDB, CREATE, 933143, true, No Error, 286997811196177, 
OneThousandCreateEventsMariaDB, MariaDB, CREATE, 801624, true, No Error, 286997813254930, 
OneThousandCreateEventsMariaDB, MariaDB, CREATE, 2927420, true, No Error, 286997818151285, 
OneThousandCreateEventsMariaDB, MariaDB, CREATE, 1920177, true, No Error, 286997821658030, 
OneThousandCreateEventsMariaDB, MariaDB, CREATE, 1438368, true, No Error, 286997826708359, 
OneThousandCreateEventsMariaDB, MariaDB, CREATE, 1127855, true, No Error, 286997829179632, 
OneThousandCreateEventsMariaDB, MariaDB, CREATE, 1669329, true, No Error, 286997833065216, 
OneThousandCreateEventsMariaDB, MariaDB, CREATE, 1833567, true, No Error, 286997837431967, 
OneThousandCreateEventsMariaDB, MariaDB, CREATE, 1213183, true, No Error, 286997840945448, 
OneThousandCreateEventsMariaDB, MariaDB, CREATE, 1230183, true, No Error, 286997844797350, 
OneThousandCreateEventsMariaDB, MariaDB, CREATE, 1745995, true, No Error, 286997848761203, 
OneThousandCreateEventsMariaDB, MariaDB, CREATE, 2026996, true, No Error, 286997852779268, 
OneThousandCreateEventsMariaDB, MariaDB, CREATE, 1763637, true, No Error, 286997855885682, 
OneThousandCreateEventsMariaDB, MariaDB, CREATE, 1534602, true, No Error, 286997859546400, 
OneThousandCreateEventsMariaDB, MariaDB, CREATE, 1530111, true, No Error, 286997863460854, 
OneThousandCreateEventsMariaDB, MariaDB, CREATE, 1192331, true, No Error, 286997866655161, 
OneThousandCreateEventsMariaDB, MariaDB, CREATE, 1185916, true, No Error, 286997870137527, 
OneThousandCreateEventsMariaDB, MariaDB, CREATE, 1593625, true, No Error, 286997873537132, 
OneThousandCreateEventsMariaDB, MariaDB, CREATE, 1205804, true, No Error, 286997875406305, 
OneThousandCreateEventsMariaDB, MariaDB, CREATE, 1052152, true, No Error, 286997877961943, 
OneThousandCreateEventsMariaDB, MariaDB, CREATE, 883744, true, No Error, 286997879645386, 
OneThousandCreateEventsMariaDB, MariaDB, CREATE, 1047340, true, No Error, 286997882409850, 
OneThousandCreateEventsMariaDB, MariaDB, CREATE, 1136196, true, No Error, 286997886040095, 
OneThousandCreateEventsMariaDB, MariaDB, CREATE, 1111175, true, No Error, 286997888372792, 
OneThousandCreateEventsMariaDB, MariaDB, CREATE, 1381590, true, No Error, 286997892125895, 
OneThousandCreateEventsMariaDB, MariaDB, CREATE, 1899005, true, No Error, 286997895484761, 
OneThousandCreateEventsMariaDB, MariaDB, CREATE, 2050733, true, No Error, 286997898680030, 
OneThousandCreateEventsMariaDB, MariaDB, CREATE, 1404046, true, No Error, 286997902862334, 
OneThousandCreateEventsMariaDB, MariaDB, CREATE, 1804055, true, No Error, 286997906773259, 
OneThousandCreateEventsMariaDB, MariaDB, CREATE, 1758184, true, No Error, 286997910914823, 
OneThousandCreateEventsMariaDB, MariaDB, CREATE, 1281828, true, No Error, 286997913411117, 
OneThousandCreateEventsMariaDB, MariaDB, CREATE, 831136, true, No Error, 286997914839542, 
OneThousandCreateEventsMariaDB, MariaDB, CREATE, 2086661, true, No Error, 286997918338588, 
OneThousandCreateEventsMariaDB, MariaDB, CREATE, 927369, true, No Error, 286997920426532, 
OneThousandCreateEventsMariaDB, MariaDB, CREATE, 1741825, true, No Error, 286997924408669, 
OneThousandCreateEventsMariaDB, MariaDB, CREATE, 1384157, true, No Error, 286997927173776, 
OneThousandCreateEventsMariaDB, MariaDB, CREATE, 1774865, true, No Error, 286997931310528, 
OneThousandCreateEventsMariaDB, MariaDB, CREATE, 2049130, true, No Error, 286997934342522, 
OneThousandCreateEventsMariaDB, MariaDB, CREATE, 1202597, true, No Error, 286997937050850, 
OneThousandCreateEventsMariaDB, MariaDB, CREATE, 2043677, true, No Error, 286997939854770, 
OneThousandCreateEventsMariaDB, MariaDB, CREATE, 1281187, true, No Error, 286997943209467, 
OneThousandCreateEventsMariaDB, MariaDB, CREATE, 1304284, true, No Error, 286997946276746, 
OneThousandCreateEventsMariaDB, MariaDB, CREATE, 1072681, true, No Error, 286997948058667, 
OneThousandCreateEventsMariaDB, MariaDB, CREATE, 1532356, true, No Error, 286997952262463, 
OneThousandCreateEventsMariaDB, MariaDB, CREATE, 1120156, true, No Error, 286997955319798, 
OneThousandCreateEventsMariaDB, MariaDB, CREATE, 1636930, true, No Error, 286997958584676, 
OneThousandCreateEventsMariaDB, MariaDB, CREATE, 917105, true, No Error, 286997960772382, 
OneThousandCreateEventsMariaDB, MariaDB, CREATE, 1243977, true, No Error, 286997963132987, 
OneThousandCreateEventsMariaDB, MariaDB, CREATE, 1149027, true, No Error, 286997965887507, 
OneThousandCreateEventsMariaDB, MariaDB, CREATE, 1473333, true, No Error, 286997968565683, 
OneThousandCreateEventsMariaDB, MariaDB, CREATE, 1132347, true, No Error, 286997970765578, 
OneThousandCreateEventsMariaDB, MariaDB, CREATE, 984788, true, No Error, 286997973358747, 
OneThousandCreateEventsMariaDB, MariaDB, CREATE, 1291773, true, No Error, 286997975733787, 
OneThousandCreateEventsMariaDB, MariaDB, CREATE, 1192011, true, No Error, 286997979877918, 
OneThousandCreateEventsMariaDB, MariaDB, CREATE, 1307171, true, No Error, 286997982071398, 
OneThousandCreateEventsMariaDB, MariaDB, CREATE, 1444784, true, No Error, 286997984887508, 
OneThousandCreateEventsMariaDB, MariaDB, CREATE, 1091287, true, No Error, 286997987171126, 
OneThousandCreateEventsMariaDB, MariaDB, CREATE, 1443500, true, No Error, 286997991060559, 
OneThousandCreateEventsMariaDB, MariaDB, CREATE, 1456974, true, No Error, 286997993423409, 
OneThousandCreateEventsMariaDB, MariaDB, CREATE, 1186879, true, No Error, 286997996676740, 
OneThousandCreateEventsMariaDB, MariaDB, CREATE, 1040283, true, No Error, 286997998478870, 
OneThousandCreateEventsMariaDB, MariaDB, CREATE, 1749203, true, No Error, 286998002390758, 
OneThousandCreateEventsMariaDB, MariaDB, CREATE, 1738296, true, No Error, 286998005609123, 
OneThousandCreateEventsMariaDB, MariaDB, CREATE, 1039642, true, No Error, 286998007852965, 
OneThousandCreateEventsMariaDB, MariaDB, CREATE, 1123685, true, No Error, 286998010236666, 
OneThousandCreateEventsMariaDB, MariaDB, CREATE, 3796087, true, No Error, 286998024671675, 
OneThousandCreateEventsMariaDB, MariaDB, CREATE, 1866287, true, No Error, 286998028733366, 
OneThousandCreateEventsMariaDB, MariaDB, CREATE, 1377100, true, No Error, 286998032018132, 
OneThousandCreateEventsMariaDB, MariaDB, CREATE, 1556094, true, No Error, 286998036289612, 
OneThousandCreateEventsMariaDB, MariaDB, CREATE, 1331549, true, No Error, 286998039900610, 
OneThousandCreateEventsMariaDB, MariaDB, CREATE, 1226976, true, No Error, 286998043014402, 
OneThousandCreateEventsMariaDB, MariaDB, CREATE, 1471729, true, No Error, 286998046413044, 
OneThousandCreateEventsMariaDB, MariaDB, CREATE, 973562, true, No Error, 286998048458325, 
OneThousandCreateEventsMariaDB, MariaDB, CREATE, 1291773, true, No Error, 286998052014148, 
OneThousandCreateEventsMariaDB, MariaDB, CREATE, 1424254, true, No Error, 286998054572994, 
OneThousandCreateEventsMariaDB, MariaDB, CREATE, 1227297, true, No Error, 286998058160254, 
OneThousandCreateEventsMariaDB, MariaDB, CREATE, 1112779, true, No Error, 286998060497764, 
OneThousandCreateEventsMariaDB, MariaDB, CREATE, 1537489, true, No Error, 286998063475866, 
OneThousandCreateEventsMariaDB, MariaDB, CREATE, 1240769, true, No Error, 286998065854756, 
OneThousandCreateEventsMariaDB, MariaDB, CREATE, 1403083, true, No Error, 286998068897976, 
OneThousandCreateEventsMariaDB, MariaDB, CREATE, 1081663, true, No Error, 286998071907515, 
OneThousandCreateEventsMariaDB, MariaDB, CREATE, 1230826, true, No Error, 286998075027081, 
OneThousandCreateEventsMariaDB, MariaDB, CREATE, 743563, true, No Error, 286998076851666, 
OneThousandCreateEventsMariaDB, MariaDB, CREATE, 933785, true, No Error, 286998078527731, 
OneThousandCreateEventsMariaDB, MariaDB, CREATE, 1328342, true, No Error, 286998081325557, 
OneThousandCreateEventsMariaDB, MariaDB, CREATE, 993449, true, No Error, 286998084645288, 
OneThousandCreateEventsMariaDB, MariaDB, CREATE, 844929, true, No Error, 286998087122977, 
OneThousandCreateEventsMariaDB, MariaDB, CREATE, 1400838, true, No Error, 286998090393950, 
OneThousandCreateEventsMariaDB, MariaDB, CREATE, 987355, true, No Error, 286998093279669, 
OneThousandCreateEventsMariaDB, MariaDB, CREATE, 1133309, true, No Error, 286998095825363, 
OneThousandCreateEventsMariaDB, MariaDB, CREATE, 1136516, true, No Error, 286998098346999, 
OneThousandCreateEventsMariaDB, MariaDB, CREATE, 1300754, true, No Error, 286998101870745, 
OneThousandCreateEventsMariaDB, MariaDB, CREATE, 974202, true, No Error, 286998104293901, 
OneThousandCreateEventsMariaDB, MariaDB, CREATE, 914538, true, No Error, 286998106393073, 
OneThousandCreateEventsMariaDB, MariaDB, CREATE, 1240769, true, No Error, 286998108984317, 
OneThousandCreateEventsMariaDB, MariaDB, CREATE, 984468, true, No Error, 286998110780353, 
OneThousandCreateEventsMariaDB, MariaDB, CREATE, 875724, true, No Error, 286998112487854, 
OneThousandCreateEventsMariaDB, MariaDB, CREATE, 1024886, true, No Error, 286998115373894, 
OneThousandCreateEventsMariaDB, MariaDB, CREATE, 1094815, true, No Error, 286998118092487, 
OneThousandCreateEventsMariaDB, MariaDB, CREATE, 664010, true, No Error, 286998119524119, 
OneThousandCreateEventsMariaDB, MariaDB, CREATE, 1049264, true, No Error, 286998121346459, 
OneThousandCreateEventsMariaDB, MariaDB, CREATE, 998261, true, No Error, 286998122938480, 
OneThousandCreateEventsMariaDB, MariaDB, CREATE, 847496, true, No Error, 286998124517028, 
OneThousandCreateEventsMariaDB, MariaDB, CREATE, 849420, true, No Error, 286998126494624, 
OneThousandCreateEventsMariaDB, MariaDB, CREATE, 1305567, true, No Error, 286998129302073, 
OneThousandCreateEventsMariaDB, MariaDB, CREATE, 1751448, true, No Error, 286998133352537, 
OneThousandCreateEventsMariaDB, MariaDB, CREATE, 1953859, true, No Error, 286998137511744, 
OneThousandCreateEventsMariaDB, MariaDB, CREATE, 1392497, true, No Error, 286998139834177, 
OneThousandCreateEventsMariaDB, MariaDB, CREATE, 1234354, true, No Error, 286998141925649, 
OneThousandCreateEventsMariaDB, MariaDB, CREATE, 1202918, true, No Error, 286998145328782, 
OneThousandCreateEventsMariaDB, MariaDB, CREATE, 1218315, true, No Error, 286998148172800, 
OneThousandCreateEventsMariaDB, MariaDB, CREATE, 1861154, true, No Error, 286998152277475, 
OneThousandCreateEventsMariaDB, MariaDB, CREATE, 1033867, true, No Error, 286998154695820, 
OneThousandCreateEventsMariaDB, MariaDB, CREATE, 1431312, true, No Error, 286998157424999, 
OneThousandCreateEventsMariaDB, MariaDB, CREATE, 1113420, true, No Error, 286998159975505, 
OneThousandCreateEventsMariaDB, MariaDB, CREATE, 1109250, true, No Error, 286998162901000, 
OneThousandCreateEventsMariaDB, MariaDB, CREATE, 1119515, true, No Error, 286998164735209, 
OneThousandCreateEventsMariaDB, MariaDB, CREATE, 650217, true, No Error, 286998166109101, 
OneThousandCreateEventsMariaDB, MariaDB, CREATE, 1801809, true, No Error, 286998170397902, 
OneThousandCreateEventsMariaDB, MariaDB, CREATE, 1324813, true, No Error, 286998173865191, 
OneThousandCreateEventsMariaDB, MariaDB, CREATE, 1077493, true, No Error, 286998176266214, 
OneThousandCreateEventsMariaDB, MariaDB, CREATE, 876045, true, No Error, 286998179062436, 
OneThousandCreateEventsMariaDB, MariaDB, CREATE, 1221523, true, No Error, 286998181344451, 
OneThousandCreateEventsMariaDB, MariaDB, CREATE, 1201314, true, No Error, 286998183430791, 
OneThousandCreateEventsMariaDB, MariaDB, CREATE, 1226976, true, No Error, 286998186349870, 
OneThousandCreateEventsMariaDB, MariaDB, CREATE, 1498995, true, No Error, 286998190181563, 
OneThousandCreateEventsMariaDB, MariaDB, CREATE, 1398271, true, No Error, 286998193347000, 
OneThousandCreateEventsMariaDB, MariaDB, CREATE, 988317, true, No Error, 286998195092995, 
OneThousandCreateEventsMariaDB, MariaDB, CREATE, 1167311, true, No Error, 286998198128837, 
OneThousandCreateEventsMariaDB, MariaDB, CREATE, 1702369, true, No Error, 286998202054518, 
OneThousandCreateEventsMariaDB, MariaDB, CREATE, 1427783, true, No Error, 286998204594759, 
OneThousandCreateEventsMariaDB, MariaDB, CREATE, 1233391, true, No Error, 286998206920720, 
OneThousandCreateEventsMariaDB, MariaDB, CREATE, 1036433, true, No Error, 286998209166487, 
OneThousandCreateEventsMariaDB, MariaDB, CREATE, 793605, true, No Error, 286998211002620, 
OneThousandCreateEventsMariaDB, MariaDB, CREATE, 1058888, true, No Error, 286998213209572, 
OneThousandCreateEventsMariaDB, MariaDB, CREATE, 1149347, true, No Error, 286998216473809, 
OneThousandCreateEventsMariaDB, MariaDB, CREATE, 1385119, true, No Error, 286998220041823, 
OneThousandCreateEventsMariaDB, MariaDB, CREATE, 854232, true, No Error, 286998222436109, 
OneThousandCreateEventsMariaDB, MariaDB, CREATE, 957202, true, No Error, 286998223976164, 
OneThousandCreateEventsMariaDB, MariaDB, CREATE, 1100910, true, No Error, 286998226927001, 
OneThousandCreateEventsMariaDB, MariaDB, CREATE, 1162499, true, No Error, 286998229377103, 
OneThousandCreateEventsMariaDB, MariaDB, CREATE, 1112137, true, No Error, 286998231345718, 
OneThousandCreateEventsMariaDB, MariaDB, CREATE, 1346305, true, No Error, 286998235513265, 
OneThousandCreateEventsMariaDB, MariaDB, CREATE, 949182, true, No Error, 286998237700009, 
OneThousandCreateEventsMariaDB, MariaDB, CREATE, 1318397, true, No Error, 286998241405636, 
OneThousandCreateEventsMariaDB, MariaDB, CREATE, 1661950, true, No Error, 286998244549581, 
OneThousandCreateEventsMariaDB, MariaDB, CREATE, 1203880, true, No Error, 286998247622634, 
OneThousandCreateEventsMariaDB, MariaDB, CREATE, 1626345, true, No Error, 286998250239861, 
OneThousandCreateEventsMariaDB, MariaDB, CREATE, 1047020, true, No Error, 286998252030444, 
OneThousandCreateEventsMariaDB, MariaDB, CREATE, 1021999, true, No Error, 286998254506208, 
OneThousandCreateEventsMariaDB, MariaDB, CREATE, 1254883, true, No Error, 286998256716048, 
OneThousandCreateEventsMariaDB, MariaDB, CREATE, 1224089, true, No Error, 286998260043478, 
OneThousandCreateEventsMariaDB, MariaDB, CREATE, 1701086, true, No Error, 286998263689761, 
OneThousandCreateEventsMariaDB, MariaDB, CREATE, 1067869, true, No Error, 286998265690453, 
OneThousandCreateEventsMariaDB, MariaDB, CREATE, 1327058, true, No Error, 286998268563982, 
OneThousandCreateEventsMariaDB, MariaDB, CREATE, 1775185, true, No Error, 286998271107431, 
OneThousandCreateEventsMariaDB, MariaDB, CREATE, 1098665, true, No Error, 286998273092405, 
OneThousandCreateEventsMariaDB, MariaDB, CREATE, 1089362, true, No Error, 286998275780204, 
OneThousandCreateEventsMariaDB, MariaDB, CREATE, 871554, true, No Error, 286998278062539, 
OneThousandCreateEventsMariaDB, MariaDB, CREATE, 821833, true, No Error, 286998280924520, 
OneThousandCreateEventsMariaDB, MariaDB, CREATE, 730091, true, No Error, 286998282572677, 
OneThousandCreateEventsMariaDB, MariaDB, CREATE, 965221, true, No Error, 286998285070575, 
OneThousandCreateEventsMariaDB, MariaDB, CREATE, 21017373, true, No Error, 286998306783716, 
OneThousandCreateEventsMariaDB, MariaDB, CREATE, 1523053, true, No Error, 286998310403054, 
OneThousandCreateEventsMariaDB, MariaDB, CREATE, 959126, true, No Error, 286998312469506, 
OneThousandCreateEventsMariaDB, MariaDB, CREATE, 1509581, true, No Error, 286998316079220, 
OneThousandCreateEventsMariaDB, MariaDB, CREATE, 1308132, true, No Error, 286998319455088, 
OneThousandCreateEventsMariaDB, MariaDB, CREATE, 935709, true, No Error, 286998321400927, 
OneThousandCreateEventsMariaDB, MariaDB, CREATE, 947258, true, No Error, 286998324167637, 
OneThousandCreateEventsMariaDB, MariaDB, CREATE, 869629, true, No Error, 286998326376835, 
OneThousandCreateEventsMariaDB, MariaDB, CREATE, 925124, true, No Error, 286998329269611, 
OneThousandCreateEventsMariaDB, MariaDB, CREATE, 2028920, true, No Error, 286998333370757, 
OneThousandCreateEventsMariaDB, MariaDB, CREATE, 1331228, true, No Error, 286998336575329, 
OneThousandCreateEventsMariaDB, MariaDB, CREATE, 1687934, true, No Error, 286998339191915, 
OneThousandCreateEventsMariaDB, MariaDB, CREATE, 1578869, true, No Error, 286998343097708, 
OneThousandCreateEventsMariaDB, MariaDB, CREATE, 1160895, true, No Error, 286998345830094, 
OneThousandCreateEventsMariaDB, MariaDB, CREATE, 2254107, true, No Error, 286998351432482, 
OneThousandCreateEventsMariaDB, MariaDB, CREATE, 1097702, true, No Error, 286998356327554, 
OneThousandCreateEventsMariaDB, MariaDB, CREATE, 1044774, true, No Error, 286998359488500, 
OneThousandCreateEventsMariaDB, MariaDB, CREATE, 6746923, true, No Error, 286998367823274, 
OneThousandCreateEventsMariaDB, MariaDB, CREATE, 1033546, true, No Error, 286998370601211, 
OneThousandCreateEventsMariaDB, MariaDB, CREATE, 1050227, true, No Error, 286998373361185, 
OneThousandCreateEventsMariaDB, MariaDB, CREATE, 876045, true, No Error, 286998375142786, 
OneThousandCreateEventsMariaDB, MariaDB, CREATE, 1433557, true, No Error, 286998378334206, 
OneThousandCreateEventsMariaDB, MariaDB, CREATE, 1217994, true, No Error, 286998381340858, 
OneThousandCreateEventsMariaDB, MariaDB, CREATE, 1300755, true, No Error, 286998383446445, 
OneThousandCreateEventsMariaDB, MariaDB, CREATE, 1532035, true, No Error, 286998386046992, 
OneThousandCreateEventsMariaDB, MariaDB, CREATE, 908764, true, No Error, 286998388462129, 
OneThousandCreateEventsMariaDB, MariaDB, CREATE, 934426, true, No Error, 286998391345923, 
OneThousandCreateEventsMariaDB, MariaDB, CREATE, 4079976, true, No Error, 286998397399324, 
OneThousandCreateEventsMariaDB, MariaDB, CREATE, 2125795, true, No Error, 286998401550833, 
OneThousandCreateEventsMariaDB, MariaDB, CREATE, 1295943, true, No Error, 286998405928490, 
OneThousandCreateEventsMariaDB, MariaDB, CREATE, 1113421, true, No Error, 286998409114777, 
OneThousandCreateEventsMariaDB, MariaDB, CREATE, 934426, true, No Error, 286998411642829, 
OneThousandCreateEventsMariaDB, MariaDB, CREATE, 720788, true, No Error, 286998412978548, 
OneThousandCreateEventsMariaDB, MariaDB, CREATE, 735865, true, No Error, 286998414775867, 
OneThousandCreateEventsMariaDB, MariaDB, CREATE, 958805, true, No Error, 286998417648755, 
OneThousandCreateEventsMariaDB, MariaDB, CREATE, 916141, true, No Error, 286998419939751, 
OneThousandCreateEventsMariaDB, MariaDB, CREATE, 1126893, true, No Error, 286998421880458, 
OneThousandCreateEventsMariaDB, MariaDB, CREATE, 756715, true, No Error, 286998424167605, 
OneThousandCreateEventsMariaDB, MariaDB, CREATE, 881818, true, No Error, 286998427107214, 
OneThousandCreateEventsMariaDB, MariaDB, CREATE, 1031301, true, No Error, 286998430129584, 
OneThousandCreateEventsMariaDB, MariaDB, CREATE, 1120157, true, No Error, 286998432574233, 
OneThousandCreateEventsMariaDB, MariaDB, CREATE, 1518242, true, No Error, 286998436461421, 
OneThousandCreateEventsMariaDB, MariaDB, CREATE, 1413027, true, No Error, 286998438929166, 
OneThousandCreateEventsMariaDB, MariaDB, CREATE, 983826, true, No Error, 286998441939346, 
OneThousandCreateEventsMariaDB, MariaDB, CREATE, 1044773, true, No Error, 286998444620729, 
OneThousandCreateEventsMariaDB, MariaDB, CREATE, 1254563, true, No Error, 286998448364208, 
OneThousandCreateEventsMariaDB, MariaDB, CREATE, 1524979, true, No Error, 286998452139124, 
OneThousandCreateEventsMariaDB, MariaDB, CREATE, 1399875, true, No Error, 286998454836225, 
OneThousandCreateEventsMariaDB, MariaDB, CREATE, 1716804, true, No Error, 286998458135426, 
OneThousandCreateEventsMariaDB, MariaDB, CREATE, 1801489, true, No Error, 286998461875377, 
OneThousandCreateEventsMariaDB, MariaDB, CREATE, 982223, true, No Error, 286998463827952, 
OneThousandCreateEventsMariaDB, MariaDB, CREATE, 1067869, true, No Error, 286998466197218, 
OneThousandCreateEventsMariaDB, MariaDB, CREATE, 1136196, true, No Error, 286998468152039, 
OneThousandCreateEventsMariaDB, MariaDB, CREATE, 973241, true, No Error, 286998470443036, 
OneThousandCreateEventsMariaDB, MariaDB, CREATE, 974202, true, No Error, 286998472593210, 
OneThousandCreateEventsMariaDB, MariaDB, CREATE, 817984, true, No Error, 286998474112736, 
OneThousandCreateEventsMariaDB, MariaDB, CREATE, 917104, true, No Error, 286998477102386, 
OneThousandCreateEventsMariaDB, MariaDB, CREATE, 937313, true, No Error, 286998479988747, 
OneThousandCreateEventsMariaDB, MariaDB, CREATE, 787510, true, No Error, 286998482232909, 
OneThousandCreateEventsMariaDB, MariaDB, CREATE, 979014, true, No Error, 286998484051720, 
OneThousandCreateEventsMariaDB, MariaDB, CREATE, 799378, true, No Error, 286998485785525, 
OneThousandCreateEventsMariaDB, MariaDB, CREATE, 884385, true, No Error, 286998488582709, 
OneThousandCreateEventsMariaDB, MariaDB, CREATE, 905877, true, No Error, 286998490221885, 
OneThousandCreateEventsMariaDB, MariaDB, CREATE, 965863, true, No Error, 286998492365323, 
OneThousandCreateEventsMariaDB, MariaDB, CREATE, 1252958, true, No Error, 286998494834993, 
OneThousandCreateEventsMariaDB, MariaDB, CREATE, 1189124, true, No Error, 286998497111875, 
OneThousandCreateEventsMariaDB, MariaDB, CREATE, 2217538, true, No Error, 286998501517119, 
OneThousandCreateEventsMariaDB, MariaDB, CREATE, 1210616, true, No Error, 286998505088340, 
OneThousandCreateEventsMariaDB, MariaDB, CREATE, 1683122, true, No Error, 286998509163824, 
OneThousandCreateEventsMariaDB, MariaDB, CREATE, 882781, true, No Error, 286998510994183, 
OneThousandCreateEventsMariaDB, MariaDB, CREATE, 827928, true, No Error, 286998513214288, 
OneThousandCreateEventsMariaDB, MariaDB, CREATE, 824720, true, No Error, 286998515831195, 
OneThousandCreateEventsMariaDB, MariaDB, CREATE, 1338928, true, No Error, 286998519650698, 
OneThousandCreateEventsMariaDB, MariaDB, CREATE, 1017828, true, No Error, 286998523380383, 
OneThousandCreateEventsMariaDB, MariaDB, CREATE, 797775, true, No Error, 286998526220552, 
OneThousandCreateEventsMariaDB, MariaDB, CREATE, 823437, true, No Error, 286998528953901, 
OneThousandCreateEventsMariaDB, MariaDB, CREATE, 753187, true, No Error, 286998531199988, 
OneThousandCreateEventsMariaDB, MariaDB, CREATE, 627442, true, No Error, 286998532561691, 
OneThousandCreateEventsMariaDB, MariaDB, CREATE, 905235, true, No Error, 286998535009547, 
OneThousandCreateEventsMariaDB, MariaDB, CREATE, 2369266, true, No Error, 286998538698815, 
OneThousandCreateEventsMariaDB, MariaDB, CREATE, 1496430, true, No Error, 286998541379236, 
OneThousandCreateEventsMariaDB, MariaDB, CREATE, 2522277, true, No Error, 286998546455226, 
OneThousandCreateEventsMariaDB, MariaDB, CREATE, 7458729, true, No Error, 286998558409018, 
OneThousandCreateEventsMariaDB, MariaDB, CREATE, 1722899, true, No Error, 286998562497333, 
OneThousandCreateEventsMariaDB, MariaDB, CREATE, 1484239, true, No Error, 286998566818854, 
OneThousandCreateEventsMariaDB, MariaDB, CREATE, 1843190, true, No Error, 286998571972794, 
OneThousandCreateEventsMariaDB, MariaDB, CREATE, 1279904, true, No Error, 286998575803204, 
OneThousandCreateEventsMariaDB, MariaDB, CREATE, 1155122, true, No Error, 286998579403936, 
OneThousandCreateEventsMariaDB, MariaDB, CREATE, 1048623, true, No Error, 286998581652269, 
OneThousandCreateEventsMariaDB, MariaDB, CREATE, 2102058, true, No Error, 286998586419992, 
OneThousandCreateEventsMariaDB, MariaDB, CREATE, 1354324, true, No Error, 286998590289858, 
OneThousandCreateEventsMariaDB, MariaDB, CREATE, 1111496, true, No Error, 286998592268096, 
OneThousandCreateEventsMariaDB, MariaDB, CREATE, 989279, true, No Error, 286998594779466, 
OneThousandCreateEventsMariaDB, MariaDB, CREATE, 1022320, true, No Error, 286998596655697, 
OneThousandCreateEventsMariaDB, MariaDB, CREATE, 934747, true, No Error, 286998599282868, 
OneThousandCreateEventsMariaDB, MariaDB, CREATE, 1442218, true, No Error, 286998603047839, 
OneThousandCreateEventsMariaDB, MariaDB, CREATE, 1129780, true, No Error, 286998607071999, 
OneThousandCreateEventsMariaDB, MariaDB, CREATE, 1523054, true, No Error, 286998610130938, 
OneThousandCreateEventsMariaDB, MariaDB, CREATE, 928011, true, No Error, 286998612764204, 
OneThousandCreateEventsMariaDB, MariaDB, CREATE, 933784, true, No Error, 286998615777913, 
OneThousandCreateEventsMariaDB, MariaDB, CREATE, 1441897, true, No Error, 286998619114004, 
OneThousandCreateEventsMariaDB, MariaDB, CREATE, 2669193, true, No Error, 286998624004906, 
OneThousandCreateEventsMariaDB, MariaDB, CREATE, 1282150, true, No Error, 286998626774503, 
OneThousandCreateEventsMariaDB, MariaDB, CREATE, 819266, true, No Error, 286998628306539, 
OneThousandCreateEventsMariaDB, MariaDB, CREATE, 801304, true, No Error, 286998630147484, 
OneThousandCreateEventsMariaDB, MariaDB, CREATE, 2213368, true, No Error, 286998634365393, 
OneThousandCreateEventsMariaDB, MariaDB, CREATE, 1497071, true, No Error, 286998637587929, 
OneThousandCreateEventsMariaDB, MariaDB, CREATE, 1992994, true, No Error, 286998642017231, 
OneThousandCreateEventsMariaDB, MariaDB, CREATE, 981260, true, No Error, 286998643829627, 
OneThousandCreateEventsMariaDB, MariaDB, CREATE, 1025848, true, No Error, 286998647282802, 
OneThousandCreateEventsMariaDB, MariaDB, CREATE, 2006787, true, No Error, 286998650652253, 
OneThousandCreateEventsMariaDB, MariaDB, CREATE, 1757543, true, No Error, 286998654086823, 
OneThousandCreateEventsMariaDB, MariaDB, CREATE, 1173727, true, No Error, 286998658058696, 
OneThousandCreateEventsMariaDB, MariaDB, CREATE, 1044453, true, No Error, 286998660849465, 
OneThousandCreateEventsMariaDB, MariaDB, CREATE, 987034, true, No Error, 286998663618099, 
OneThousandCreateEventsMariaDB, MariaDB, CREATE, 1022961, true, No Error, 286998665789125, 
OneThousandCreateEventsMariaDB, MariaDB, CREATE, 929294, true, No Error, 286998668321346, 
OneThousandCreateEventsMariaDB, MariaDB, CREATE, 2117135, true, No Error, 286998673092277, 
OneThousandCreateEventsMariaDB, MariaDB, CREATE, 934427, true, No Error, 286998675088157, 
OneThousandCreateEventsMariaDB, MariaDB, CREATE, 947899, true, No Error, 286998678342771, 
OneThousandCreateEventsMariaDB, MariaDB, CREATE, 843967, true, No Error, 286998680125975, 
OneThousandCreateEventsMariaDB, MariaDB, CREATE, 806757, true, No Error, 286998681882235, 
OneThousandCreateEventsMariaDB, MariaDB, CREATE, 893046, true, No Error, 286998684444609, 
OneThousandCreateEventsMariaDB, MariaDB, CREATE, 634178, true, No Error, 286998685697568, 
OneThousandCreateEventsMariaDB, MariaDB, CREATE, 1010130, true, No Error, 286998687584063, 
OneThousandCreateEventsMariaDB, MariaDB, CREATE, 2227803, true, No Error, 286998690824883, 
OneThousandCreateEventsMariaDB, MariaDB, CREATE, 851024, true, No Error, 286998693245153, 
OneThousandCreateEventsMariaDB, MariaDB, CREATE, 1104438, true, No Error, 286998696402892, 
OneThousandCreateEventsMariaDB, MariaDB, CREATE, 941163, true, No Error, 286998698488590, 
OneThousandCreateEventsMariaDB, MariaDB, CREATE, 1994918, true, No Error, 286998704182078, 
OneThousandCreateEventsMariaDB, MariaDB, CREATE, 1575661, true, No Error, 286998707748809, 
OneThousandCreateEventsMariaDB, MariaDB, CREATE, 939879, true, No Error, 286998711141036, 
OneThousandCreateEventsMariaDB, MariaDB, CREATE, 1412706, true, No Error, 286998714451144, 
OneThousandCreateEventsMariaDB, MariaDB, CREATE, 1266111, true, No Error, 286998718195264, 
OneThousandCreateEventsMariaDB, MariaDB, CREATE, 1269639, true, No Error, 286998720357628, 
OneThousandCreateEventsMariaDB, MariaDB, CREATE, 1722899, true, No Error, 286998723306861, 
OneThousandCreateEventsMariaDB, MariaDB, CREATE, 822154, true, No Error, 286998725811175, 
OneThousandCreateEventsMariaDB, MariaDB, CREATE, 3508991, true, No Error, 286998731117484, 
OneThousandCreateEventsMariaDB, MariaDB, CREATE, 712769, true, No Error, 286998732947843, 
OneThousandCreateEventsMariaDB, MariaDB, CREATE, 772433, true, No Error, 286998735368434, 
OneThousandCreateEventsMariaDB, MariaDB, CREATE, 1231788, true, No Error, 286998737741549, 
OneThousandCreateEventsMariaDB, MariaDB, CREATE, 1322568, true, No Error, 286998740390534, 
